age,gender,education,experience_years,role_seniority,company_size,location_tier,skills_count,certifications,worked_remote,last_promotion_years_ago,salary_bdt,recent_project_description_length,survey_date,recent_note
33,Male,M.Sc,6.0,Senior,Enterprise,Tier-2,1.0,2.0,1,0.0,145185,57.0,2024-11-15,Worked on microservices deployment
29,Male,M.Sc,9.0,Junior,Enterprise,Remote,5.0,0.0,1,0.0,121262,50.0,2024-03-08,Built ML pipeline for preprocessing
34,Male,B.Sc+Cert,,Lead,Enterprise,Remote,5.0,1.0,1,5.0,184875,50.0,2024-09-01,Experience in data cleaning and ETL
39,Male,B.Sc,16.0,Mid,Enterprise,Tier-1,5.0,0.0,1,3.0,180105,59.0,2024-01-26,Contributed to open-source NLP repo
29,Female,B.Sc,8.0,Junior,SME,Tier-1,5.0,2.0,0,7.0,114750,,2023-12-08,Built ML pipeline for preprocessing
29,Female,B.Sc+Cert,7.0,Junior,Startup,Tier-3,5.0,3.0,1,0.0,88150,81.0,2023-09-17,Contributed to open-source NLP repo
39,Male,B.Sc,19.0,Mid,Enterprise,Tier-1,2.0,0.0,0,4.0,210347,62.0,2024-11-15,Built ML pipeline for preprocessing
35,Female,M.Sc,10.0,Mid,Enterprise,Tier-1,6.0,0.0,1,3.0,168940,61.0,2023-06-23,None
27,Male,M.Sc,4.0,Junior,Enterprise,Tier-3,5.0,0.0,1,2.0,74069,,2024-12-24,Worked on microservices deployment
33,Male,M.Sc,12.0,Junior,SME,Tier-2,7.0,0.0,0,1.0,117598,60.0,2023-07-14,Experience in data cleaning and ETL
27,Male,B.Sc+Cert,7.0,Senior,SME,Tier-2,4.0,2.0,1,1.0,111207,65.0,2024-03-16,Worked on microservices deployment
27,Male,PhD,1.0,Junior,Startup,Tier-1,9.0,4.0,1,4.0,71583,,2023-09-29,Contributed to open-source NLP repo
31,Female,M.Sc,4.0,Senior,Enterprise,Tier-2,4.0,0.0,1,3.0,128319,76.0,2023-11-03,No relevant project mentioned
20,Female,B.Sc,0.0,Mid,Startup,Tier-2,2.0,0.0,0,3.0,30883,43.0,2023-11-04,None
20,Male,B.Sc+Cert,0.0,Mid,Startup,Tier-1,5.0,0.0,1,0.0,49709,60.0,2024-10-10,Built ML pipeline for preprocessing
27,Male,B.Sc,0.0,Junior,SME,Tier-1,5.0,0.0,1,,42206,58.0,2024-08-17,Experience in data cleaning and ETL
24,Male,,0.0,Junior,SME,Tier-2,6.0,4.0,0,6.0,42325,66.0,2024-07-09,Built ML pipeline for preprocessing
32,Male,B.Sc+Cert,10.0,Senior,Startup,Remote,5.0,0.0,1,1.0,122308,73.0,2023-07-26,Built ML pipeline for preprocessing
25,Male,B.Sc,9.0,Junior,Enterprise,Remote,2.0,,1,4.0,110475,51.0,2023-04-27,No relevant project mentioned
22,Male,B.Sc,0.0,Junior,Enterprise,Tier-1,,1.0,1,1.0,59600,57.0,2023-01-05,Worked on microservices deployment
39,Female,B.Sc,21.0,Mid,SME,Tier-3,4.0,,0,3.0,201222,59.0,2024-05-13,Built ML pipeline for preprocessing
29,Female,B.Sc+Cert,7.0,Junior,SME,Tier-3,6.0,0.0,1,0.0,89231,,2024-09-17,Built ML pipeline for preprocessing
30,Male,B.Sc,8.0,Mid,Enterprise,Tier-3,6.0,1.0,1,0.0,111120,,2023-10-28,Built ML pipeline for preprocessing
21,Female,M.Sc,0.0,Senior,Startup,Tier-2,5.0,0.0,1,1.0,60792,53.0,2024-02-29,Worked on microservices deployment
27,Male,B.Sc,10.0,Mid,Enterprise,Tier-1,6.0,2.0,0,2.0,138325,71.0,2023-03-31,Experience in data cleaning and ETL
31,Male,M.Sc,7.0,Senior,Startup,Tier-3,4.0,0.0,0,1.0,101384,62.0,2023-01-28,Contributed to open-source NLP repo
23,Male,M.Sc,0.0,Senior,SME,Tier-1,9.0,1.0,0,3.0,72060,51.0,2024-06-27,Experience in data cleaning and ETL
32,Male,B.Sc,11.0,Junior,SME,Tier-1,4.0,0.0,1,2.0,112714,57.0,2023-08-05,No relevant project mentioned
26,Female,B.Sc,4.0,Mid,Enterprise,Tier-2,6.0,0.0,0,6.0,80467,77.0,2023-03-12,Worked on microservices deployment
28,Male,B.Sc,4.0,Mid,Startup,Remote,7.0,0.0,0,0.0,66454,74.0,2023-01-30,Built ML pipeline for preprocessing
26,Male,,6.0,Mid,Startup,Tier-1,4.0,1.0,1,,250336,60.0,2023-09-13,None
41,Male,M.Sc,19.0,Junior,SME,Tier-2,1.0,2.0,0,5.0,175155,57.0,2024-11-01,No relevant project mentioned
30,Male,B.Sc+Cert,,Lead,SME,Tier-1,4.0,0.0,1,3.0,143629,51.0,2024-01-31,Contributed to open-source NLP repo
24,Female,B.Sc,2.0,Mid,SME,Remote,4.0,2.0,0,3.0,67896,72.0,2024-06-04,Built ML pipeline for preprocessing
35,Male,M.Sc,,Mid,SME,Tier-2,,1.0,1,0.0,125584,,2023-11-19,Experience in data cleaning and ETL
23,Male,M.Sc,0.0,Mid,SME,Tier-1,4.0,0.0,0,6.0,58900,64.0,2024-01-05,None
31,Male,M.Sc,10.0,Mid,Startup,Tier-1,1.0,1.0,0,4.0,126449,69.0,2023-06-05,No relevant project mentioned
20,Male,B.Sc+Cert,0.0,Senior,Startup,Tier-2,3.0,1.0,0,3.0,48515,63.0,2023-08-02,Built ML pipeline for preprocessing
22,Male,B.Sc,0.0,Mid,SME,Tier-1,12.0,1.0,1,5.0,67152,47.0,2024-10-27,Built ML pipeline for preprocessing
31,Male,B.Sc,,Junior,SME,Tier-1,,0.0,0,2.0,146464,67.0,2023-03-24,No relevant project mentioned
34,Male,M.Sc,11.0,Junior,Startup,Tier-2,3.0,1.0,0,1.0,130072,62.0,2024-02-09,Contributed to open-source NLP repo
31,Female,M.Sc,9.0,Senior,Startup,Tier-2,5.0,1.0,1,2.0,138837,62.0,2024-09-04,Contributed to open-source NLP repo
29,Female,M.Sc,9.0,Mid,SME,Tier-3,4.0,0.0,0,4.0,116410,47.0,2023-01-10,Experience in data cleaning and ETL
28,Female,B.Sc,4.0,Lead,Startup,Tier-1,6.0,1.0,1,3.0,106823,66.0,2023-10-07,Worked on microservices deployment
21,Male,B.Sc,0.0,Junior,SME,Tier-2,5.0,1.0,1,2.0,36290,,2023-10-08,Worked on microservices deployment
26,Male,B.Sc,6.0,Junior,SME,Tier-2,3.0,3.0,0,0.0,87350,54.0,2024-11-22,Contributed to open-source NLP repo
27,Male,B.Sc,7.0,Junior,Startup,Tier-1,8.0,1.0,1,4.0,96735,,2023-03-31,Contributed to open-source NLP repo
36,Female,M.Sc,13.0,Mid,Startup,Tier-2,5.0,0.0,0,2.0,155381,57.0,2023-05-09,Built ML pipeline for preprocessing
32,Male,M.Sc,11.0,Mid,Enterprise,Tier-1,7.0,,0,0.0,179168,66.0,2023-11-05,Experience in data cleaning and ETL
20,Male,B.Sc,0.0,Junior,Enterprise,Tier-3,3.0,0.0,0,,31751,75.0,2024-04-29,Contributed to open-source NLP repo
32,Male,B.Sc,6.0,Mid,SME,Tier-2,10.0,0.0,1,7.0,92475,64.0,2023-04-17,Contributed to open-source NLP repo
28,Male,B.Sc,0.0,Mid,SME,Tier-2,9.0,0.0,0,1.0,44801,,2024-05-19,Built ML pipeline for preprocessing
26,Male,B.Sc,1.0,Junior,Enterprise,Tier-1,7.0,0.0,0,0.0,63464,67.0,2023-10-10,Built ML pipeline for preprocessing
34,Male,M.Sc,12.0,Mid,Enterprise,Tier-1,4.0,,1,0.0,150913,48.0,2023-04-17,Experience in data cleaning and ETL
36,Female,,14.0,Mid,SME,Tier-2,,0.0,0,0.0,154466,64.0,2023-06-04,Contributed to open-source NLP repo
36,Male,B.Sc,13.0,Junior,Startup,Tier-2,,0.0,1,0.0,143176,63.0,2023-08-20,No relevant project mentioned
25,Male,M.Sc,2.0,Junior,SME,Tier-1,6.0,2.0,0,5.0,73344,41.0,2024-03-24,Built ML pipeline for preprocessing
28,Male,B.Sc+Cert,6.0,Junior,SME,Tier-1,7.0,1.0,0,0.0,111147,,2024-01-15,Worked on microservices deployment
32,Male,M.Eng,10.0,Mid,SME,Tier-1,6.0,1.0,1,5.0,131675,,2023-11-29,Built ML pipeline for preprocessing
36,Male,B.Sc,11.0,Senior,SME,Tier-2,8.0,1.0,0,0.0,392397,66.0,2024-08-18,Built ML pipeline for preprocessing
27,Female,B.Sc+Cert,6.0,Mid,Enterprise,Tier-1,3.0,0.0,1,5.0,116332,59.0,2023-03-17,None
29,Male,B.Sc,5.0,Junior,SME,Tier-2,4.0,0.0,1,1.0,79732,70.0,2023-09-18,Worked on microservices deployment
23,Female,B.Sc,0.0,Senior,Startup,Tier-1,3.0,1.0,0,2.0,53444,66.0,2023-12-03,Built ML pipeline for preprocessing
23,Male,,3.0,Lead,Startup,Tier-2,7.0,0.0,0,0.0,89320,52.0,2023-08-18,Worked on microservices deployment
35,Male,B.Sc,9.0,Mid,SME,Tier-1,6.0,0.0,0,1.0,117205,67.0,2023-08-09,Contributed to open-source NLP repo
38,Female,B.Sc,16.0,Lead,Startup,Tier-2,7.0,1.0,1,0.0,185657,,2024-11-23,Experience in data cleaning and ETL
30,Male,B.Sc,11.0,Mid,SME,Tier-1,,1.0,0,2.0,148203,68.0,2024-02-02,Built ML pipeline for preprocessing
36,Male,,14.0,Mid,SME,Tier-1,4.0,1.0,0,1.0,157882,72.0,2024-12-14,Worked on microservices deployment
32,Male,M.Eng,7.0,Mid,SME,Tier-2,,1.0,1,5.0,121826,59.0,2024-02-16,Contributed to open-source NLP repo
26,Male,B.Sc+Cert,1.0,Mid,Enterprise,Tier-1,5.0,3.0,0,0.0,84510,75.0,2024-09-21,Contributed to open-source NLP repo
32,Female,B.Sc,6.0,Junior,SME,Tier-1,3.0,2.0,0,1.0,86229,47.0,2024-09-20,Contributed to open-source NLP repo
39,Male,B.Sc+Cert,20.0,Senior,Startup,Tier-3,4.0,0.0,1,0.0,206288,49.0,2024-02-05,Built ML pipeline for preprocessing
30,Female,B.Sc+Cert,9.0,Senior,Startup,Remote,6.0,,0,2.0,123057,50.0,2024-12-09,Experience in data cleaning and ETL
39,Female,M.Sc,16.0,Mid,SME,Tier-1,10.0,0.0,0,0.0,182737,,2024-12-06,Experience in data cleaning and ETL
20,Male,B.Sc,,Junior,Startup,Tier-3,5.0,3.0,0,0.0,29061,79.0,2024-05-12,None
35,Female,M.Sc,10.0,Junior,SME,Tier-2,2.0,0.0,1,3.0,118001,60.0,2024-09-07,Contributed to open-source NLP repo
31,Male,B.Sc+Cert,6.0,Junior,Startup,Tier-1,7.0,1.0,0,0.0,89997,53.0,2023-06-23,Worked on microservices deployment
28,Female,M.Sc,5.0,Junior,SME,Remote,3.0,,0,3.0,85847,59.0,2023-10-28,Built ML pipeline for preprocessing
31,Male,B.Sc,11.0,Mid,Enterprise,Tier-3,3.0,0.0,0,0.0,108911,,2023-04-13,Built ML pipeline for preprocessing
20,Male,B.Sc,1.0,Senior,Startup,Remote,6.0,1.0,1,2.0,67670,69.0,2024-06-04,Worked on microservices deployment
29,Male,M.Sc,7.0,Junior,SME,Tier-1,6.0,0.0,0,7.0,92325,58.0,2023-06-13,No relevant project mentioned
32,Male,B.Sc,,Junior,SME,Tier-1,6.0,7.0,0,,128716,53.0,2023-01-05,Experience in data cleaning and ETL
39,Male,B.Sc,15.0,Mid,Enterprise,Tier-2,3.0,0.0,0,1.0,156630,,2024-08-23,Experience in data cleaning and ETL
27,Female,B.Sc,4.0,Junior,SME,Tier-2,7.0,0.0,0,5.0,67580,47.0,2023-06-27,No relevant project mentioned
25,Male,M.Eng,2.0,Senior,SME,Tier-1,,1.0,1,2.0,109316,61.0,2023-01-27,No relevant project mentioned
27,Male,B.Sc+Cert,5.0,Junior,Enterprise,Remote,9.0,1.0,1,2.0,99750,49.0,2024-11-17,Contributed to open-source NLP repo
35,Female,B.Sc,14.0,Junior,SME,Tier-2,6.0,0.0,0,2.0,151662,58.0,2023-06-10,None
32,Male,B.Sc+Cert,8.0,Junior,SME,Tier-2,3.0,0.0,0,1.0,104664,54.0,2023-04-25,None
27,Female,B.Sc,7.0,Junior,Startup,Tier-2,3.0,1.0,0,,88771,77.0,2024-01-13,Worked on microservices deployment
33,Female,M.Sc,10.0,Mid,Enterprise,Tier-2,4.0,0.0,0,3.0,141035,57.0,2023-04-07,Contributed to open-source NLP repo
31,Female,M.Sc,4.0,Junior,Enterprise,Tier-1,8.0,1.0,1,2.0,108836,63.0,2024-11-08,None
36,Female,M.Eng,,Mid,Enterprise,Remote,4.0,0.0,0,6.0,152156,55.0,2023-05-16,Contributed to open-source NLP repo
26,Male,B.Sc+Cert,0.0,Mid,Enterprise,Tier-1,5.0,1.0,0,2.0,77212,61.0,2024-01-23,None
28,Male,B.Sc,4.0,Junior,Enterprise,Tier-1,10.0,0.0,0,2.0,81911,55.0,2023-06-13,Contributed to open-source NLP repo
28,Female,B.Sc+Cert,3.0,Junior,SME,Remote,7.0,1.0,1,7.0,67754,64.0,2024-02-19,Worked on microservices deployment
21,Male,B.Sc,0.0,Mid,Enterprise,Remote,5.0,0.0,1,0.0,49356,48.0,2024-12-14,None
32,Male,M.Sc,8.0,Mid,SME,Tier-3,5.0,2.0,0,0.0,104601,57.0,2024-11-11,Built ML pipeline for preprocessing
32,Male,M.Sc,11.0,Senior,SME,Remote,3.0,2.0,0,0.0,158441,66.0,2023-05-16,None
30,Female,M.Sc,9.0,Junior,SME,Tier-2,6.0,2.0,1,7.0,117894,61.0,2023-06-07,None
29,Male,B.Sc,7.0,Junior,SME,Remote,4.0,1.0,0,3.0,105294,,2024-02-02,Experience in data cleaning and ETL
22,Male,B.Sc+Cert,2.0,Junior,Enterprise,Tier-1,,2.0,0,1.0,74323,,2024-01-01,None
27,Male,B.Sc,8.0,Mid,SME,Tier-3,1.0,3.0,1,0.0,109963,54.0,2023-10-29,Worked on microservices deployment
28,Male,B.Sc,5.0,Mid,Startup,Tier-2,8.0,0.0,0,,78201,55.0,2023-12-15,Worked on microservices deployment
25,Male,M.Sc,3.0,Senior,Startup,Tier-1,1.0,1.0,0,0.0,84084,74.0,2024-01-29,No relevant project mentioned
29,Male,B.Sc,5.0,Mid,Enterprise,Tier-2,4.0,2.0,1,5.0,111207,56.0,2023-11-20,Experience in data cleaning and ETL
32,Male,M.Eng,8.0,Junior,SME,Tier-2,7.0,0.0,0,3.0,107168,62.0,2023-02-19,Contributed to open-source NLP repo
41,Female,B.Sc,21.0,Mid,SME,Tier-2,7.0,1.0,1,6.0,226842,48.0,2023-11-20,Built ML pipeline for preprocessing
31,Male,B.Sc,,Senior,SME,Tier-1,7.0,1.0,0,1.0,128944,50.0,2024-05-28,Built ML pipeline for preprocessing
32,Female,M.Eng,7.0,Junior,SME,Tier-3,2.0,0.0,1,2.0,82079,55.0,2024-04-07,No relevant project mentioned
30,Female,B.Sc,3.0,Mid,Startup,Tier-1,7.0,1.0,0,,79272,59.0,2023-03-16,Contributed to open-source NLP repo
20,Male,B.Sc,0.0,Lead,SME,Tier-2,3.0,1.0,1,5.0,68987,45.0,2024-05-15,Worked on microservices deployment
30,Male,M.Sc,8.0,Mid,Enterprise,Remote,6.0,3.0,0,7.0,138073,64.0,2024-12-27,Contributed to open-source NLP repo
30,Male,B.Sc,6.0,Mid,SME,Tier-2,4.0,0.0,0,6.0,85805,49.0,2023-07-07,Built ML pipeline for preprocessing
45,Female,M.Sc,22.0,Junior,SME,Tier-1,,1.0,0,2.0,205524,57.0,2023-05-09,Experience in data cleaning and ETL
29,Male,B.Sc,7.0,Mid,Startup,Tier-1,2.0,3.0,1,0.0,99141,53.0,2024-05-07,None
32,Male,M.Eng,10.0,Junior,SME,Tier-2,3.0,1.0,0,2.0,125369,47.0,2023-04-07,No relevant project mentioned
30,Male,M.Eng,9.0,Mid,Startup,Remote,1.0,1.0,1,0.0,122521,49.0,2023-12-31,Built ML pipeline for preprocessing
23,Male,M.Sc,0.0,Junior,SME,Remote,8.0,2.0,0,0.0,55768,,2024-05-15,None
37,Male,B.Sc,,Senior,SME,Tier-3,,2.0,1,0.0,107524,65.0,2023-06-14,Experience in data cleaning and ETL
35,Male,M.Eng,10.0,Senior,Enterprise,Tier-1,5.0,0.0,0,1.0,184933,,2023-06-26,Built ML pipeline for preprocessing
35,Female,,10.0,Mid,SME,Tier-1,6.0,0.0,0,2.0,152967,53.0,2024-09-20,Contributed to open-source NLP repo
25,Male,M.Sc,4.0,Junior,SME,Tier-1,1.0,0.0,0,1.0,63311,,2024-12-22,Contributed to open-source NLP repo
38,Male,B.Sc,13.0,Junior,SME,Tier-1,4.0,1.0,0,,132455,74.0,2023-09-30,Experience in data cleaning and ETL
22,Male,B.Sc+Cert,0.0,Senior,SME,Tier-1,,1.0,0,0.0,58393,,2023-11-23,Worked on microservices deployment
34,Female,M.Sc,8.0,Mid,Startup,Tier-1,1.0,3.0,1,2.0,134124,62.0,2024-02-03,No relevant project mentioned
43,Male,B.Sc,17.0,Mid,SME,Tier-2,5.0,0.0,0,3.0,177337,36.0,2024-07-16,Contributed to open-source NLP repo
24,Female,B.Sc,0.0,Junior,Enterprise,Tier-1,1.0,0.0,1,0.0,46722,62.0,2024-02-15,Worked on microservices deployment
27,Male,,10.0,Mid,Startup,Tier-2,4.0,1.0,0,4.0,128993,,2023-03-05,None
31,Male,B.Sc,7.0,Mid,SME,Remote,7.0,,0,2.0,102483,56.0,2024-03-22,No relevant project mentioned
27,Male,B.Sc+Cert,5.0,Mid,Enterprise,Tier-2,4.0,3.0,1,2.0,95740,53.0,2023-12-07,Worked on microservices deployment
21,Male,M.Sc,0.0,Mid,SME,Tier-3,4.0,0.0,0,2.0,41870,56.0,2023-08-17,No relevant project mentioned
30,Male,M.Sc,10.0,Senior,Enterprise,Tier-3,4.0,1.0,1,2.0,154614,57.0,2024-05-19,Worked on microservices deployment
24,Male,B.Sc,3.0,Junior,SME,Tier-1,1.0,2.0,0,0.0,57119,57.0,2024-09-20,Contributed to open-source NLP repo
33,Female,B.Sc,,Junior,SME,Tier-1,6.0,1.0,0,3.0,138188,60.0,2023-09-07,None
24,Male,B.Sc+Cert,1.0,Mid,SME,Tier-1,,3.0,0,,55705,60.0,2023-03-11,No relevant project mentioned
39,Male,B.Sc,18.0,Junior,Enterprise,Tier-1,4.0,1.0,0,0.0,197835,81.0,2024-05-26,Worked on microservices deployment
25,Male,,5.0,Senior,Enterprise,Tier-2,5.0,3.0,0,3.0,141658,57.0,2023-12-11,Contributed to open-source NLP repo
28,Male,B.Sc,4.0,Mid,Startup,Remote,8.0,0.0,0,3.0,74818,49.0,2024-06-30,None
35,Male,B.Sc,11.0,Senior,SME,Remote,3.0,0.0,0,0.0,119158,63.0,2023-09-30,No relevant project mentioned
23,Male,B.Sc,0.0,Mid,Startup,Tier-1,4.0,0.0,0,4.0,46100,,2024-07-09,Worked on microservices deployment
31,Male,B.Sc,8.0,Junior,Startup,Remote,2.0,1.0,1,1.0,92689,51.0,2023-12-11,None
38,Male,PhD,14.0,Junior,SME,Tier-1,3.0,1.0,0,0.0,182065,50.0,2024-04-04,Experience in data cleaning and ETL
20,Male,B.Sc,0.0,Senior,SME,Tier-3,2.0,1.0,1,3.0,45599,50.0,2023-04-17,Built ML pipeline for preprocessing
31,Male,B.Sc,,Junior,Startup,Tier-1,6.0,1.0,0,2.0,101069,75.0,2024-05-02,No relevant project mentioned
32,Male,B.Sc,9.0,Mid,Startup,Tier-1,5.0,,1,0.0,99733,65.0,2023-02-13,Built ML pipeline for preprocessing
35,Male,B.Sc,8.0,Senior,SME,Tier-1,2.0,0.0,0,5.0,127541,57.0,2024-05-16,No relevant project mentioned
23,Female,B.Sc,0.0,Junior,Enterprise,Remote,1.0,1.0,0,5.0,43103,63.0,2024-02-29,No relevant project mentioned
22,Male,B.Sc+Cert,1.0,Junior,Enterprise,Tier-1,4.0,3.0,0,4.0,56675,68.0,2023-02-18,None
33,Male,B.Sc,10.0,Mid,Startup,Tier-1,4.0,0.0,0,1.0,137437,79.0,2023-03-01,Worked on microservices deployment
32,Male,B.Sc,9.0,Senior,Enterprise,Remote,8.0,1.0,1,4.0,145705,,2023-09-15,Experience in data cleaning and ETL
32,Female,B.Sc,10.0,Junior,SME,Remote,4.0,0.0,0,4.0,131482,58.0,2024-07-30,No relevant project mentioned
32,Female,PhD,10.0,Senior,Enterprise,Tier-1,,0.0,1,7.0,211557,54.0,2023-04-24,No relevant project mentioned
26,Male,B.Sc,,Mid,SME,Tier-3,6.0,1.0,1,6.0,48371,48.0,2023-12-15,Built ML pipeline for preprocessing
31,Female,B.Sc,11.0,Lead,SME,Tier-1,4.0,2.0,0,1.0,172151,57.0,2024-02-02,Contributed to open-source NLP repo
32,Male,M.Sc,10.0,Junior,Enterprise,Tier-1,,0.0,0,0.0,154266,65.0,2024-11-04,Contributed to open-source NLP repo
26,Male,M.Sc,1.0,Junior,Startup,Tier-2,5.0,0.0,1,1.0,51174,50.0,2024-04-14,None
41,Female,B.Sc,19.0,Senior,Enterprise,Tier-2,5.0,1.0,0,2.0,199298,76.0,2024-11-06,Experience in data cleaning and ETL
33,Female,B.Sc,8.0,Senior,Enterprise,Tier-2,5.0,2.0,1,,126726,64.0,2023-01-15,Worked on microservices deployment
23,Male,M.Sc,0.0,Mid,Enterprise,Tier-2,4.0,0.0,1,3.0,72002,58.0,2024-07-02,No relevant project mentioned
34,Male,B.Sc,9.0,Mid,SME,Tier-2,,1.0,1,4.0,110156,69.0,2023-05-18,Contributed to open-source NLP repo
24,Male,M.Eng,3.0,Senior,Startup,Tier-3,2.0,0.0,1,1.0,70835,56.0,2023-09-22,No relevant project mentioned
35,Male,M.Sc,12.0,Junior,SME,Tier-3,5.0,0.0,1,0.0,125763,62.0,2024-07-11,Built ML pipeline for preprocessing
37,Female,B.Sc,15.0,Mid,Enterprise,Tier-2,4.0,2.0,1,0.0,185031,46.0,2024-09-09,Built ML pipeline for preprocessing
25,Male,B.Sc,0.0,Senior,SME,Tier-1,9.0,1.0,0,2.0,56139,64.0,2023-03-22,Contributed to open-source NLP repo
36,Male,B.Sc,,Mid,SME,Tier-2,2.0,1.0,0,4.0,142638,59.0,2023-10-30,Worked on microservices deployment
32,Male,M.Sc,,Junior,SME,Tier-3,7.0,1.0,1,5.0,106529,62.0,2023-10-01,Experience in data cleaning and ETL
35,Male,B.Sc,,Senior,SME,Tier-2,,1.0,1,2.0,167026,61.0,2023-04-23,Experience in data cleaning and ETL
41,Male,B.Sc,17.0,Junior,Startup,Tier-2,4.0,1.0,0,6.0,153838,69.0,2024-02-13,Built ML pipeline for preprocessing
29,Male,M.Sc,6.0,Junior,SME,Tier-1,7.0,0.0,0,0.0,71711,43.0,2024-12-20,Built ML pipeline for preprocessing
25,Female,PhD,2.0,Lead,Enterprise,Tier-2,6.0,0.0,0,,131807,54.0,2023-12-31,None
25,Female,B.Sc,2.0,Mid,Startup,Tier-1,5.0,2.0,1,0.0,68810,65.0,2023-08-29,None
25,Male,,0.0,Senior,Enterprise,Remote,4.0,2.0,0,0.0,78770,54.0,2023-03-30,Experience in data cleaning and ETL
30,Female,B.Sc,7.0,Senior,SME,Tier-2,,2.0,1,6.0,118033,69.0,2024-11-25,Built ML pipeline for preprocessing
32,Female,B.Sc,13.0,Junior,SME,Tier-1,4.0,1.0,1,4.0,144791,50.0,2023-09-29,No relevant project mentioned
32,Female,B.Sc,10.0,Junior,SME,Tier-2,4.0,1.0,0,0.0,110738,44.0,2023-09-12,Built ML pipeline for preprocessing
35,Male,B.Sc,11.0,Junior,Startup,Tier-3,3.0,2.0,1,1.0,131527,44.0,2024-05-03,No relevant project mentioned
30,Male,B.Sc,9.0,Junior,SME,Tier-1,5.0,1.0,1,0.0,110159,45.0,2023-09-02,Contributed to open-source NLP repo
39,Male,B.Sc,18.0,Mid,Enterprise,Tier-2,3.0,4.0,1,0.0,211922,57.0,2023-04-09,No relevant project mentioned
28,Male,B.Sc+Cert,7.0,Mid,SME,Tier-2,3.0,,0,3.0,103459,52.0,2024-07-24,Built ML pipeline for preprocessing
46,Male,M.Eng,19.0,Mid,SME,Tier-3,,3.0,0,2.0,237357,58.0,2023-03-14,Built ML pipeline for preprocessing
34,Male,M.Sc,12.0,Junior,Startup,Tier-1,5.0,2.0,1,1.0,164659,49.0,2024-09-15,Contributed to open-source NLP repo
25,Male,B.Sc,1.0,Mid,Enterprise,Tier-2,5.0,0.0,0,0.0,59399,44.0,2024-11-07,Experience in data cleaning and ETL
24,Female,B.Sc,0.0,Mid,SME,Remote,4.0,3.0,0,1.0,52628,69.0,2023-10-15,No relevant project mentioned
33,Male,B.Sc,9.0,Mid,SME,Remote,4.0,0.0,1,1.0,130793,69.0,2023-07-30,Contributed to open-source NLP repo
29,Male,M.Sc,3.0,Junior,Startup,Tier-2,6.0,1.0,1,4.0,61474,56.0,2024-06-17,No relevant project mentioned
34,Female,B.Sc+Cert,10.0,Mid,Enterprise,Remote,10.0,1.0,0,7.0,168428,65.0,2023-03-24,No relevant project mentioned
33,Female,B.Sc,9.0,Junior,SME,Tier-2,,1.0,0,0.0,109725,49.0,2023-08-30,Built ML pipeline for preprocessing
30,Female,B.Sc,7.0,Mid,SME,Tier-2,1.0,0.0,1,1.0,99675,51.0,2023-01-12,Built ML pipeline for preprocessing
25,Other,B.Sc,4.0,Mid,SME,Tier-2,7.0,0.0,1,1.0,79968,60.0,2024-05-31,Contributed to open-source NLP repo
21,Male,B.Sc,0.0,Junior,Enterprise,Tier-1,,2.0,0,0.0,47723,72.0,2023-04-26,Worked on microservices deployment
27,Female,B.Sc,6.0,Mid,Startup,Tier-2,6.0,1.0,0,0.0,83185,36.0,2023-12-13,Contributed to open-source NLP repo
35,Male,M.Sc,10.0,Junior,Enterprise,Tier-2,4.0,1.0,1,5.0,124235,55.0,2023-01-20,No relevant project mentioned
31,Male,M.Sc,8.0,Junior,SME,Tier-3,7.0,2.0,0,4.0,106313,65.0,2024-12-01,Worked on microservices deployment
23,Male,B.Sc,0.0,Junior,SME,Tier-3,5.0,1.0,0,0.0,25973,44.0,2023-05-16,Worked on microservices deployment
31,Male,B.Sc,9.0,Senior,SME,Tier-2,2.0,0.0,0,1.0,109843,63.0,2024-03-21,Experience in data cleaning and ETL
32,Male,,10.0,Mid,Enterprise,Tier-1,1.0,0.0,0,1.0,162581,48.0,2024-03-13,None
25,Male,B.Sc,3.0,Lead,SME,Tier-1,,0.0,0,0.0,108533,55.0,2024-07-23,Built ML pipeline for preprocessing
31,Female,B.Sc,8.0,Mid,Enterprise,Tier-1,3.0,2.0,1,2.0,144248,60.0,2023-06-22,Contributed to open-source NLP repo
30,Male,B.Sc,4.0,Mid,Startup,Tier-2,6.0,2.0,0,2.0,77515,70.0,2024-12-05,Worked on microservices deployment
23,Male,B.Sc,0.0,Mid,Enterprise,Tier-1,2.0,1.0,1,1.0,61418,51.0,2024-05-31,Built ML pipeline for preprocessing
32,Female,B.Sc,13.0,Junior,Startup,Tier-2,4.0,1.0,1,5.0,155512,42.0,2023-06-08,No relevant project mentioned
33,Male,M.Eng,11.0,Junior,SME,Tier-1,8.0,1.0,1,2.0,151933,78.0,2024-02-09,Experience in data cleaning and ETL
36,Male,B.Sc,13.0,Junior,SME,Tier-3,,1.0,0,1.0,142070,59.0,2024-05-26,Built ML pipeline for preprocessing
36,Male,B.Sc,11.0,Mid,SME,Remote,3.0,1.0,1,1.0,115085,68.0,2024-10-13,None
22,Male,,,Junior,SME,Tier-2,3.0,2.0,1,0.0,41536,55.0,2023-01-04,No relevant project mentioned
24,Male,B.Sc,1.0,Junior,SME,Tier-1,5.0,1.0,0,2.0,53757,52.0,2024-08-09,No relevant project mentioned
33,Female,B.Sc+Cert,13.0,Junior,Startup,Tier-2,5.0,,0,2.0,143334,76.0,2023-04-14,Experience in data cleaning and ETL
33,Male,B.Sc+Cert,9.0,Mid,SME,Tier-1,5.0,2.0,0,5.0,148725,61.0,2024-01-08,No relevant project mentioned
33,Male,B.Sc,12.0,Mid,Startup,Tier-1,6.0,1.0,0,5.0,161056,72.0,2024-10-10,Built ML pipeline for preprocessing
53,Female,M.Sc,29.0,Senior,SME,Tier-1,2.0,0.0,0,4.0,295552,59.0,2023-10-09,Worked on microservices deployment
33,Female,B.Sc,12.0,Junior,Startup,Tier-1,,1.0,0,2.0,149398,,2023-10-10,Built ML pipeline for preprocessing
37,Male,PhD,15.0,Junior,Startup,Tier-1,8.0,1.0,0,3.0,162534,58.0,2024-04-21,Built ML pipeline for preprocessing
36,Male,B.Sc,13.0,Mid,Startup,Tier-1,6.0,0.0,0,4.0,128848,42.0,2023-08-23,Worked on microservices deployment
34,Male,PhD,9.0,Senior,SME,Tier-1,8.0,1.0,1,0.0,182535,64.0,2024-12-02,Built ML pipeline for preprocessing
28,Male,M.Sc,5.0,Junior,Enterprise,Tier-2,2.0,0.0,1,1.0,93707,75.0,2023-06-27,Built ML pipeline for preprocessing
35,Male,B.Sc,11.0,Mid,Enterprise,Remote,5.0,1.0,1,0.0,151707,57.0,2023-12-04,Experience in data cleaning and ETL
25,Male,B.Sc,1.0,Mid,Startup,Remote,8.0,0.0,0,,53932,69.0,2024-05-16,Built ML pipeline for preprocessing
29,Female,PhD,5.0,Junior,SME,Tier-1,4.0,0.0,0,4.0,93974,44.0,2023-08-10,Experience in data cleaning and ETL
27,Male,B.Sc+Cert,8.0,Junior,SME,Tier-2,2.0,1.0,1,0.0,108626,44.0,2024-03-31,Built ML pipeline for preprocessing
30,Male,B.Sc,10.0,Junior,SME,Remote,4.0,1.0,1,3.0,114817,55.0,2024-12-26,No relevant project mentioned
44,Male,M.Sc,24.0,Senior,SME,Tier-1,2.0,0.0,0,1.0,319998,68.0,2024-12-25,None
20,Male,B.Sc,0.0,Mid,Startup,Tier-3,2.0,1.0,0,5.0,29704,,2023-12-25,Worked on microservices deployment
34,Male,B.Sc,10.0,Mid,SME,Tier-2,4.0,1.0,1,2.0,139782,59.0,2024-02-14,Contributed to open-source NLP repo
20,Male,B.Sc,0.0,Mid,SME,Remote,4.0,1.0,0,7.0,41240,,2024-08-27,Built ML pipeline for preprocessing
27,Female,B.Sc,6.0,Mid,Startup,Remote,4.0,1.0,0,,84362,53.0,2024-07-11,Built ML pipeline for preprocessing
37,Male,M.Eng,17.0,Mid,SME,Tier-2,10.0,3.0,0,6.0,198958,58.0,2024-04-06,No relevant project mentioned
30,Male,B.Sc,,Junior,SME,Tier-2,6.0,0.0,1,1.0,105764,64.0,2023-07-10,Contributed to open-source NLP repo
24,Male,M.Eng,1.0,Junior,Startup,Tier-1,7.0,1.0,0,2.0,63459,48.0,2023-05-25,Experience in data cleaning and ETL
26,Male,B.Sc,0.0,Junior,SME,Tier-1,,1.0,1,0.0,39981,71.0,2023-12-10,Experience in data cleaning and ETL
34,Male,B.Sc,8.0,Mid,Enterprise,Tier-2,9.0,2.0,0,3.0,107003,70.0,2024-09-07,No relevant project mentioned
26,Male,B.Sc,4.0,Junior,Enterprise,Tier-1,6.0,1.0,0,7.0,79894,46.0,2024-07-29,Experience in data cleaning and ETL
31,Male,B.Sc,7.0,Mid,SME,Tier-1,6.0,0.0,0,4.0,97275,63.0,2023-06-06,Worked on microservices deployment
30,Male,B.Sc,5.0,Junior,SME,Tier-1,4.0,0.0,0,2.0,83074,53.0,2023-11-04,Worked on microservices deployment
26,Female,B.Sc,3.0,Senior,SME,Remote,6.0,0.0,1,1.0,89337,73.0,2023-05-08,Built ML pipeline for preprocessing
43,Other,M.Sc,21.0,Junior,SME,Tier-1,3.0,0.0,1,1.0,229589,73.0,2023-01-24,Built ML pipeline for preprocessing
34,Female,B.Sc,11.0,Junior,Startup,Tier-1,9.0,2.0,0,,141062,54.0,2023-05-05,No relevant project mentioned
20,Female,B.Sc,0.0,Senior,SME,Tier-2,4.0,3.0,0,1.0,65467,43.0,2023-06-24,No relevant project mentioned
31,Male,B.Sc,7.0,Mid,SME,Tier-2,7.0,0.0,0,,113050,76.0,2023-04-11,Built ML pipeline for preprocessing
26,Female,B.Sc+Cert,1.0,Lead,SME,Tier-1,3.0,2.0,1,5.0,96332,54.0,2023-02-20,Built ML pipeline for preprocessing
35,Male,B.Sc+Cert,14.0,Junior,Enterprise,Remote,10.0,1.0,0,6.0,195742,75.0,2023-09-15,Worked on microservices deployment
25,Female,B.Sc,3.0,Junior,Enterprise,Tier-2,,1.0,0,1.0,61597,58.0,2024-10-22,None
29,Other,B.Sc,11.0,Mid,Startup,Tier-2,7.0,1.0,0,2.0,128066,,2023-06-17,Built ML pipeline for preprocessing
33,Female,B.Sc,12.0,Senior,Startup,Tier-1,7.0,0.0,0,2.0,152865,,2023-04-15,Built ML pipeline for preprocessing
35,Other,B.Sc+Cert,15.0,Junior,Startup,Tier-2,4.0,0.0,0,3.0,156923,,2024-08-03,Built ML pipeline for preprocessing
23,Male,B.Sc,0.0,Senior,Enterprise,Tier-3,5.0,2.0,0,0.0,47552,52.0,2023-02-04,None
28,Male,B.Sc,,Mid,Enterprise,Tier-1,5.0,2.0,0,4.0,64729,64.0,2024-03-03,Worked on microservices deployment
27,Male,B.Sc,,Senior,Enterprise,Tier-1,8.0,1.0,1,1.0,128977,69.0,2024-11-05,Built ML pipeline for preprocessing
26,Male,B.Sc,3.0,Mid,SME,Tier-1,7.0,0.0,1,2.0,68421,74.0,2023-12-05,None
41,Male,B.Sc,18.0,Junior,Enterprise,Remote,7.0,2.0,0,4.0,167476,49.0,2024-12-20,No relevant project mentioned
32,Male,M.Sc,9.0,Senior,SME,Tier-1,3.0,1.0,0,7.0,141825,55.0,2023-06-02,No relevant project mentioned
22,Other,B.Sc,0.0,Senior,Enterprise,Remote,4.0,0.0,1,4.0,67311,51.0,2024-05-20,Experience in data cleaning and ETL
36,Male,M.Sc,13.0,Mid,Enterprise,Tier-1,3.0,3.0,1,0.0,188224,66.0,2023-03-21,Built ML pipeline for preprocessing
43,Female,B.Sc,22.0,Junior,SME,Tier-2,,0.0,0,1.0,206181,58.0,2023-01-31,Worked on microservices deployment
36,Female,B.Sc,11.0,Junior,SME,Tier-2,6.0,1.0,0,0.0,135209,62.0,2023-08-13,Built ML pipeline for preprocessing
21,Female,B.Sc+Cert,0.0,Mid,Enterprise,Tier-1,,1.0,1,6.0,70063,64.0,2023-07-28,None
27,Female,B.Sc,3.0,Junior,SME,Tier-2,7.0,2.0,0,1.0,60985,,2023-06-29,Built ML pipeline for preprocessing
38,Male,M.Eng,13.0,Mid,Startup,Tier-1,1.0,0.0,0,6.0,166735,55.0,2024-02-23,None
26,Female,B.Sc,0.0,Junior,Startup,Tier-1,2.0,2.0,1,6.0,31707,,2024-05-11,No relevant project mentioned
33,Female,B.Sc,11.0,Mid,SME,Tier-3,6.0,0.0,0,,140772,50.0,2023-11-01,None
35,Male,B.Sc+Cert,14.0,Junior,SME,Tier-1,4.0,1.0,1,0.0,139423,63.0,2024-10-17,Built ML pipeline for preprocessing
24,Male,B.Sc,0.0,Mid,Startup,Tier-2,9.0,0.0,1,0.0,45863,54.0,2023-11-10,Contributed to open-source NLP repo
30,Female,B.Sc+Cert,6.0,Mid,Startup,Tier-1,5.0,0.0,0,4.0,100391,50.0,2023-11-30,Built ML pipeline for preprocessing
20,Male,B.Sc,0.0,Mid,SME,Tier-1,5.0,1.0,1,4.0,61527,45.0,2023-03-05,Built ML pipeline for preprocessing
24,Male,B.Sc+Cert,0.0,Mid,SME,Tier-2,2.0,1.0,0,6.0,39743,52.0,2023-11-04,Built ML pipeline for preprocessing
28,Male,B.Sc,4.0,Junior,Startup,Tier-2,5.0,0.0,1,0.0,63212,52.0,2023-02-09,Experience in data cleaning and ETL
23,Male,B.Sc,0.0,Mid,Startup,Tier-1,,2.0,1,3.0,45938,61.0,2023-08-31,Contributed to open-source NLP repo
40,Male,M.Sc,20.0,Senior,Startup,Tier-2,5.0,1.0,0,,215558,57.0,2023-12-27,Contributed to open-source NLP repo
21,Female,B.Sc+Cert,0.0,Mid,Startup,Tier-1,5.0,,0,1.0,45663,63.0,2023-09-02,Built ML pipeline for preprocessing
27,Male,B.Sc+Cert,7.0,Senior,Enterprise,Remote,5.0,3.0,0,2.0,155293,39.0,2024-08-31,Worked on microservices deployment
31,Male,M.Eng,10.0,Mid,Startup,Tier-1,9.0,5.0,1,2.0,159517,58.0,2023-05-25,Built ML pipeline for preprocessing
39,Male,,20.0,Senior,Enterprise,Tier-1,3.0,0.0,0,1.0,241483,62.0,2024-07-21,Worked on microservices deployment
21,Male,B.Sc,,Junior,SME,Tier-3,,0.0,0,,23910,45.0,2023-01-30,No relevant project mentioned
37,Female,B.Sc,15.0,Mid,Enterprise,Tier-1,3.0,3.0,1,2.0,180324,60.0,2024-09-11,Built ML pipeline for preprocessing
30,Male,B.Sc,6.0,Mid,Startup,Tier-1,3.0,1.0,0,,88279,64.0,2024-12-26,Experience in data cleaning and ETL
24,Male,B.Sc,0.0,Junior,Startup,Tier-1,4.0,3.0,0,1.0,39055,68.0,2024-03-03,Experience in data cleaning and ETL
33,Male,B.Sc,13.0,Mid,Startup,Remote,3.0,0.0,1,1.0,165297,,2024-01-17,No relevant project mentioned
31,Male,B.Sc,7.0,Junior,Startup,Remote,,0.0,1,6.0,90416,74.0,2024-03-28,Experience in data cleaning and ETL
26,Female,B.Sc,4.0,Mid,SME,Tier-3,2.0,0.0,0,5.0,57305,59.0,2024-09-07,Experience in data cleaning and ETL
30,Female,M.Sc,6.0,Mid,Startup,Tier-2,4.0,1.0,0,4.0,111171,65.0,2023-06-30,No relevant project mentioned
28,Male,B.Sc,6.0,Mid,Startup,Tier-2,7.0,1.0,1,0.0,97448,53.0,2024-05-12,None
31,Male,B.Sc,9.0,Lead,Enterprise,Tier-2,1.0,1.0,0,0.0,159293,74.0,2024-09-30,Experience in data cleaning and ETL
34,Male,B.Sc,13.0,Mid,SME,Tier-1,6.0,2.0,0,,156135,67.0,2023-07-17,No relevant project mentioned
40,Male,M.Sc,16.0,Mid,Startup,Remote,4.0,0.0,0,0.0,186218,67.0,2023-12-09,Worked on microservices deployment
23,Male,,0.0,Junior,Startup,Tier-1,5.0,1.0,0,2.0,45481,58.0,2023-02-02,Built ML pipeline for preprocessing
43,Male,M.Sc,22.0,Senior,Startup,Tier-1,2.0,1.0,0,0.0,215934,69.0,2023-11-30,Contributed to open-source NLP repo
20,Male,,0.0,Mid,Enterprise,Remote,10.0,0.0,1,1.0,66064,62.0,2023-08-22,Contributed to open-source NLP repo
29,Male,B.Sc,,Mid,Enterprise,Tier-3,4.0,,0,5.0,79075,52.0,2024-07-01,Built ML pipeline for preprocessing
34,Female,B.Sc,11.0,Junior,Enterprise,Tier-1,6.0,1.0,1,5.0,145591,45.0,2024-06-13,None
32,Other,B.Sc,7.0,Mid,Enterprise,Tier-1,7.0,2.0,0,7.0,126851,49.0,2024-03-03,Worked on microservices deployment
26,Male,B.Sc,2.0,Junior,SME,Tier-2,3.0,0.0,0,6.0,42643,80.0,2023-09-23,None
29,Female,,7.0,Mid,Startup,Tier-2,3.0,0.0,0,3.0,89030,64.0,2023-10-22,Contributed to open-source NLP repo
27,Male,B.Sc,1.0,Senior,SME,Tier-2,9.0,1.0,1,1.0,71946,46.0,2024-03-15,No relevant project mentioned
26,Male,B.Sc+Cert,5.0,Mid,Enterprise,Tier-1,7.0,3.0,0,0.0,109767,55.0,2024-07-14,No relevant project mentioned
35,Female,,7.0,Mid,Enterprise,Remote,6.0,1.0,0,2.0,123171,74.0,2024-07-23,None
32,Female,B.Sc,9.0,Mid,SME,Tier-1,10.0,0.0,1,0.0,143981,63.0,2023-11-28,Built ML pipeline for preprocessing
26,Female,B.Sc,1.0,Mid,SME,Tier-2,7.0,2.0,1,5.0,61609,68.0,2023-05-31,None
35,Male,B.Sc,10.0,Mid,Enterprise,Tier-2,3.0,1.0,0,2.0,125314,62.0,2024-10-08,Built ML pipeline for preprocessing
32,Male,B.Sc,8.0,Mid,Startup,Tier-1,9.0,1.0,0,3.0,126360,65.0,2023-10-28,Contributed to open-source NLP repo
35,Female,B.Sc+Cert,15.0,Junior,Enterprise,Tier-1,2.0,0.0,1,3.0,181936,68.0,2023-12-11,Experience in data cleaning and ETL
34,Male,B.Sc,8.0,Junior,Startup,Remote,8.0,2.0,1,1.0,104171,67.0,2023-11-07,None
25,Male,M.Sc,2.0,Mid,SME,Remote,3.0,3.0,1,3.0,75387,64.0,2024-09-27,Worked on microservices deployment
27,Male,B.Sc,8.0,Mid,Startup,Tier-1,3.0,2.0,0,,113346,57.0,2023-07-02,Contributed to open-source NLP repo
34,Male,PhD,8.0,Junior,SME,Remote,5.0,1.0,0,3.0,130419,75.0,2024-12-17,No relevant project mentioned
34,Male,B.Sc,13.0,Mid,SME,Tier-1,3.0,0.0,1,4.0,168277,49.0,2023-05-27,Built ML pipeline for preprocessing
30,Male,,,Junior,SME,Tier-2,5.0,1.0,0,1.0,86379,59.0,2024-09-12,Worked on microservices deployment
31,Female,B.Sc,9.0,Junior,Enterprise,Tier-1,6.0,0.0,1,6.0,120812,60.0,2023-05-30,Built ML pipeline for preprocessing
38,Male,M.Sc,19.0,Mid,SME,Remote,7.0,1.0,1,1.0,225922,64.0,2023-09-24,Contributed to open-source NLP repo
26,Male,B.Sc,3.0,Mid,Enterprise,Tier-1,7.0,1.0,0,5.0,82871,57.0,2024-05-04,None
33,Male,B.Sc,11.0,Mid,Startup,Tier-2,6.0,1.0,0,,128719,45.0,2023-05-11,Experience in data cleaning and ETL
29,Male,B.Sc+Cert,8.0,Mid,Enterprise,Tier-3,3.0,2.0,0,0.0,126065,81.0,2023-05-27,No relevant project mentioned
29,Male,B.Sc+Cert,6.0,Lead,Startup,Tier-1,7.0,0.0,0,6.0,114153,53.0,2024-08-25,Contributed to open-source NLP repo
37,Male,B.Sc+Cert,11.0,Mid,Startup,Tier-2,3.0,1.0,0,7.0,119522,,2024-01-10,Built ML pipeline for preprocessing
35,Female,M.Sc,11.0,Junior,Startup,Tier-1,5.0,1.0,1,,145655,71.0,2024-04-29,Experience in data cleaning and ETL
35,Male,,11.0,Mid,SME,Tier-2,5.0,2.0,0,4.0,134213,34.0,2024-05-18,None
38,Female,B.Sc,14.0,Junior,Enterprise,Tier-1,1.0,1.0,0,6.0,176501,59.0,2024-05-18,No relevant project mentioned
30,Male,,5.0,Senior,Startup,Tier-2,1.0,1.0,0,0.0,86894,58.0,2023-08-07,Contributed to open-source NLP repo
34,Male,B.Sc,5.0,Junior,SME,Remote,4.0,1.0,0,6.0,83054,,2024-05-09,Built ML pipeline for preprocessing
28,Male,M.Sc,4.0,Mid,Enterprise,Tier-1,4.0,2.0,0,2.0,121955,49.0,2024-06-29,None
32,Male,B.Sc,10.0,Junior,SME,Tier-1,4.0,1.0,1,4.0,110641,54.0,2023-01-11,No relevant project mentioned
29,Female,B.Sc,3.0,Senior,Enterprise,Tier-2,3.0,2.0,1,2.0,82852,67.0,2023-09-18,Built ML pipeline for preprocessing
31,Male,M.Sc,6.0,Junior,Startup,Tier-3,9.0,0.0,0,2.0,90881,53.0,2023-03-12,No relevant project mentioned
34,Male,M.Eng,17.0,Lead,Enterprise,Remote,2.0,2.0,0,5.0,247544,53.0,2023-06-13,Worked on microservices deployment
25,Female,B.Sc,3.0,Junior,Startup,Tier-1,11.0,1.0,0,,66811,70.0,2023-09-18,Experience in data cleaning and ETL
43,Female,B.Sc,,Junior,Enterprise,Tier-1,4.0,2.0,0,2.0,256550,,2024-11-26,None
24,Female,B.Sc,0.0,Junior,SME,Tier-3,6.0,,0,2.0,29149,57.0,2024-10-06,Built ML pipeline for preprocessing
23,Male,B.Sc,0.0,Senior,SME,Tier-3,3.0,2.0,1,2.0,51411,68.0,2024-02-15,Contributed to open-source NLP repo
37,Female,B.Sc,12.0,Senior,Startup,Tier-2,4.0,2.0,1,1.0,151920,54.0,2024-02-20,Worked on microservices deployment
35,Male,M.Sc,14.0,Junior,Startup,Tier-1,3.0,1.0,1,0.0,154516,68.0,2023-12-11,Worked on microservices deployment
34,Male,M.Sc,12.0,Junior,Startup,Tier-1,2.0,1.0,1,1.0,138738,58.0,2023-08-22,Contributed to open-source NLP repo
34,Male,M.Sc,12.0,Mid,SME,Tier-1,5.0,3.0,0,1.0,168190,40.0,2023-01-15,Contributed to open-source NLP repo
30,Male,B.Sc,7.0,Junior,Startup,Remote,2.0,2.0,0,1.0,90127,69.0,2024-09-08,Built ML pipeline for preprocessing
25,Male,M.Eng,3.0,Junior,Enterprise,Tier-1,5.0,1.0,0,2.0,94410,60.0,2023-12-20,Built ML pipeline for preprocessing
30,Male,B.Sc,9.0,Junior,Startup,Tier-2,7.0,1.0,1,,108822,59.0,2024-04-27,None
26,Female,B.Sc,4.0,Junior,Enterprise,Tier-2,,2.0,0,0.0,76876,62.0,2024-03-13,Experience in data cleaning and ETL
36,Male,M.Eng,13.0,Junior,Startup,Tier-1,,1.0,1,0.0,150599,70.0,2023-01-20,None
29,Male,B.Sc,9.0,Junior,Startup,Tier-1,3.0,0.0,0,3.0,100019,56.0,2024-04-16,Contributed to open-source NLP repo
25,Male,B.Sc,4.0,Mid,Enterprise,Tier-2,7.0,1.0,1,2.0,99636,69.0,2023-06-11,Worked on microservices deployment
28,Female,B.Sc+Cert,4.0,Senior,Enterprise,Tier-1,6.0,2.0,0,1.0,113236,69.0,2024-09-30,Contributed to open-source NLP repo
32,Male,B.Sc,10.0,Junior,SME,Tier-1,5.0,0.0,0,0.0,107540,51.0,2023-02-03,Built ML pipeline for preprocessing
27,Male,M.Sc,2.0,Mid,Startup,Tier-1,5.0,1.0,1,1.0,79620,65.0,2023-04-25,Worked on microservices deployment
25,Female,B.Sc,3.0,Junior,SME,Tier-3,6.0,1.0,0,4.0,56910,65.0,2024-03-05,Worked on microservices deployment
31,Female,M.Sc,8.0,Mid,SME,Remote,4.0,0.0,1,2.0,142731,66.0,2023-01-21,Contributed to open-source NLP repo
31,Male,B.Sc,8.0,Junior,SME,Tier-2,5.0,0.0,0,0.0,95757,83.0,2023-06-16,Worked on microservices deployment
27,Male,B.Sc,4.0,Mid,SME,Tier-3,3.0,0.0,1,1.0,66525,52.0,2023-10-23,Built ML pipeline for preprocessing
27,Female,M.Sc,9.0,Junior,SME,Tier-2,4.0,1.0,0,7.0,105666,49.0,2023-06-21,Worked on microservices deployment
31,Male,B.Sc,3.0,Senior,Startup,Tier-2,5.0,1.0,0,,69959,54.0,2023-06-13,Built ML pipeline for preprocessing
21,Male,B.Sc,0.0,Junior,Enterprise,Remote,3.0,1.0,1,1.0,39706,53.0,2023-08-05,Contributed to open-source NLP repo
22,Female,B.Sc,0.0,Mid,Enterprise,Tier-2,6.0,0.0,0,5.0,42534,,2023-07-18,No relevant project mentioned
26,Male,B.Sc,6.0,Lead,Startup,Tier-1,4.0,0.0,0,1.0,109427,48.0,2023-02-19,No relevant project mentioned
29,Male,B.Sc,7.0,Mid,SME,Remote,,,1,,107367,53.0,2024-05-12,None
32,Male,B.Sc,9.0,Mid,Startup,Tier-3,3.0,1.0,1,0.0,99116,52.0,2024-03-17,Experience in data cleaning and ETL
39,Male,,19.0,Senior,Enterprise,Tier-1,1.0,2.0,0,0.0,224830,46.0,2023-11-26,Built ML pipeline for preprocessing
35,Male,B.Sc,,Junior,SME,Remote,8.0,1.0,0,2.0,128031,48.0,2023-11-26,None
29,Female,B.Sc,6.0,Junior,Startup,Tier-1,4.0,,1,0.0,92236,65.0,2023-10-21,Experience in data cleaning and ETL
30,Male,B.Sc,7.0,Lead,Startup,Tier-1,4.0,1.0,1,0.0,120137,,2023-10-07,Contributed to open-source NLP repo
24,Male,B.Sc,0.0,Junior,Startup,Tier-2,7.0,0.0,1,6.0,37834,52.0,2023-12-30,Built ML pipeline for preprocessing
30,Male,B.Sc+Cert,10.0,Senior,SME,Tier-1,4.0,0.0,0,0.0,146814,62.0,2024-07-24,Experience in data cleaning and ETL
28,Male,B.Sc,7.0,Junior,Enterprise,Tier-2,4.0,0.0,0,3.0,85910,69.0,2023-06-22,None
32,Female,B.Sc+Cert,10.0,Mid,Startup,Tier-1,9.0,0.0,0,1.0,106706,53.0,2023-06-03,None
25,Male,B.Sc,0.0,Mid,Startup,Tier-1,9.0,2.0,0,6.0,46170,65.0,2024-05-06,Built ML pipeline for preprocessing
33,Male,,12.0,Lead,SME,Tier-2,9.0,2.0,0,7.0,185359,58.0,2024-08-17,Experience in data cleaning and ETL
39,Male,B.Sc,20.0,Mid,Startup,Tier-2,3.0,1.0,0,1.0,157282,59.0,2023-09-24,Contributed to open-source NLP repo
29,Male,B.Sc+Cert,5.0,Junior,SME,Tier-1,6.0,2.0,0,2.0,82570,38.0,2024-10-01,No relevant project mentioned
32,Male,M.Sc,7.0,Mid,SME,Remote,8.0,0.0,0,4.0,111349,53.0,2024-11-28,Built ML pipeline for preprocessing
34,Female,B.Sc,11.0,Junior,SME,Tier-2,5.0,1.0,1,0.0,117974,60.0,2024-02-22,Built ML pipeline for preprocessing
28,Female,B.Sc,2.0,Senior,Enterprise,Tier-1,7.0,3.0,1,3.0,99900,62.0,2023-09-29,None
31,Male,B.Sc,6.0,Senior,Enterprise,Tier-1,9.0,1.0,0,5.0,127278,61.0,2024-03-18,None
30,Male,B.Sc+Cert,6.0,Mid,SME,Tier-3,2.0,2.0,1,0.0,82743,54.0,2024-05-27,No relevant project mentioned
31,Female,B.Sc,7.0,Senior,Enterprise,Tier-2,7.0,1.0,1,4.0,140258,41.0,2024-02-16,Contributed to open-source NLP repo
25,Female,B.Sc,1.0,Junior,Enterprise,Tier-1,7.0,1.0,0,0.0,57420,46.0,2023-01-15,No relevant project mentioned
30,Male,,11.0,Mid,Startup,Tier-1,2.0,1.0,0,,110344,,2023-03-21,No relevant project mentioned
33,Male,B.Sc,15.0,Mid,Startup,Tier-2,5.0,2.0,0,1.0,137839,70.0,2024-11-16,No relevant project mentioned
39,Male,B.Sc+Cert,18.0,Mid,Startup,Tier-1,10.0,0.0,0,2.0,205480,,2024-06-27,None
36,Female,M.Sc,13.0,Junior,SME,Tier-2,5.0,0.0,0,1.0,149521,,2024-07-04,Built ML pipeline for preprocessing
43,Female,M.Sc,21.0,Senior,Enterprise,Remote,,2.0,0,1.0,252215,60.0,2024-12-05,No relevant project mentioned
25,Male,B.Sc+Cert,0.0,Junior,SME,Tier-1,,1.0,0,3.0,37755,,2023-08-28,Experience in data cleaning and ETL
35,Male,B.Sc,14.0,Mid,SME,Remote,3.0,1.0,0,,165513,66.0,2024-08-07,Contributed to open-source NLP repo
31,Female,B.Sc,9.0,Junior,SME,Remote,5.0,2.0,0,1.0,97780,67.0,2024-08-27,Experience in data cleaning and ETL
43,Female,B.Sc,18.0,Senior,Startup,Remote,4.0,0.0,0,1.0,197018,,2023-03-30,Worked on microservices deployment
25,Other,B.Sc,5.0,Junior,SME,Remote,5.0,0.0,0,0.0,73391,54.0,2023-09-11,Built ML pipeline for preprocessing
25,Female,M.Sc,3.0,Mid,Startup,Tier-3,6.0,1.0,0,2.0,66163,61.0,2023-05-19,Contributed to open-source NLP repo
26,Male,B.Sc+Cert,5.0,Junior,Startup,Tier-2,5.0,0.0,0,0.0,67355,51.0,2024-12-10,None
20,Male,B.Sc,0.0,Mid,Enterprise,Tier-2,4.0,1.0,1,4.0,58857,72.0,2023-10-17,Built ML pipeline for preprocessing
27,Male,B.Sc,6.0,Junior,Enterprise,Tier-2,4.0,0.0,1,2.0,75694,68.0,2023-11-02,Built ML pipeline for preprocessing
25,Male,B.Sc+Cert,3.0,Mid,Enterprise,Remote,7.0,2.0,0,4.0,94168,74.0,2023-06-21,Contributed to open-source NLP repo
31,Male,B.Sc,11.0,Junior,Enterprise,Tier-1,3.0,3.0,1,0.0,138651,64.0,2024-06-09,None
32,Female,B.Sc,7.0,Senior,Enterprise,Tier-1,4.0,1.0,1,3.0,129474,52.0,2023-11-24,Worked on microservices deployment
41,Male,B.Sc,19.0,Junior,SME,Tier-1,6.0,1.0,0,1.0,214361,74.0,2023-06-02,Experience in data cleaning and ETL
36,Female,B.Sc+Cert,16.0,Junior,SME,Tier-3,3.0,0.0,0,0.0,142712,45.0,2024-12-08,No relevant project mentioned
27,Male,M.Sc,3.0,Mid,SME,Tier-3,4.0,2.0,0,3.0,70602,65.0,2023-06-27,No relevant project mentioned
25,Female,M.Sc,5.0,Junior,SME,Tier-2,,0.0,0,3.0,77469,76.0,2024-08-29,None
33,Male,M.Eng,14.0,Junior,SME,Tier-1,7.0,0.0,0,1.0,149445,44.0,2024-02-20,Built ML pipeline for preprocessing
22,Male,B.Sc,0.0,Senior,Enterprise,Tier-2,7.0,1.0,0,5.0,70892,64.0,2023-11-07,Experience in data cleaning and ETL
41,Male,B.Sc,,Lead,Startup,Tier-1,5.0,0.0,1,3.0,240004,60.0,2024-08-12,None
37,Male,M.Eng,15.0,Mid,SME,Tier-2,3.0,0.0,0,1.0,191951,53.0,2023-09-01,Experience in data cleaning and ETL
27,Female,B.Sc,1.0,Junior,SME,Tier-1,4.0,2.0,0,0.0,52001,36.0,2024-02-13,Contributed to open-source NLP repo
20,Female,M.Sc,0.0,Junior,Startup,Remote,7.0,0.0,0,1.0,40154,60.0,2023-08-08,Built ML pipeline for preprocessing
38,Male,B.Sc+Cert,13.0,Mid,Enterprise,Tier-2,5.0,1.0,1,1.0,172782,70.0,2024-12-19,Contributed to open-source NLP repo
29,Male,M.Sc,9.0,Junior,Startup,Tier-2,4.0,3.0,0,0.0,120027,61.0,2024-03-11,None
37,Male,M.Sc,11.0,Senior,SME,Tier-3,4.0,1.0,0,1.0,143573,,2023-07-03,Experience in data cleaning and ETL
20,Male,M.Eng,1.0,Junior,Startup,Tier-2,,3.0,0,0.0,41169,,2024-09-18,Built ML pipeline for preprocessing
26,Female,M.Eng,3.0,Lead,Enterprise,Tier-1,1.0,0.0,0,1.0,131272,59.0,2023-05-04,Built ML pipeline for preprocessing
30,Female,B.Sc,6.0,Mid,SME,Tier-2,6.0,0.0,0,0.0,92812,73.0,2023-08-26,Built ML pipeline for preprocessing
30,Male,B.Sc,,Senior,SME,Remote,,0.0,1,1.0,133377,,2024-09-11,Built ML pipeline for preprocessing
27,Female,,6.0,Junior,Enterprise,Tier-2,2.0,1.0,0,0.0,82244,48.0,2024-02-10,Contributed to open-source NLP repo
34,Male,M.Sc,11.0,Senior,SME,Tier-2,6.0,0.0,0,,156917,69.0,2024-07-12,No relevant project mentioned
24,Female,B.Sc,1.0,Junior,Startup,Remote,4.0,1.0,0,2.0,35137,73.0,2023-07-17,None
29,Male,M.Sc,8.0,Mid,Startup,Tier-3,4.0,1.0,1,3.0,102727,41.0,2024-07-16,Worked on microservices deployment
31,Female,B.Sc,8.0,Senior,Enterprise,Tier-2,6.0,1.0,0,7.0,125825,53.0,2024-12-06,Built ML pipeline for preprocessing
33,Female,M.Sc,9.0,Junior,SME,Tier-3,5.0,2.0,1,0.0,95312,69.0,2024-08-04,Contributed to open-source NLP repo
34,Male,B.Sc,,Mid,Startup,Remote,2.0,2.0,0,1.0,111674,35.0,2023-03-28,No relevant project mentioned
23,Female,M.Sc,0.0,Mid,Startup,Remote,5.0,1.0,0,3.0,44118,60.0,2023-03-16,Contributed to open-source NLP repo
21,Male,B.Sc,,Junior,Startup,Remote,3.0,0.0,1,0.0,33814,78.0,2024-12-05,Built ML pipeline for preprocessing
38,Male,B.Sc,17.0,Mid,SME,Tier-2,2.0,0.0,0,0.0,177345,,2023-11-29,Experience in data cleaning and ETL
32,Male,,10.0,Junior,Startup,Tier-1,4.0,0.0,0,0.0,106770,66.0,2024-03-06,Built ML pipeline for preprocessing
26,Female,M.Sc,2.0,Mid,Startup,Tier-1,,1.0,0,1.0,64411,39.0,2024-01-05,Contributed to open-source NLP repo
39,Female,B.Sc,15.0,Mid,SME,Tier-1,2.0,0.0,0,1.0,147588,68.0,2023-02-13,Experience in data cleaning and ETL
31,Female,B.Sc,9.0,Mid,SME,Remote,6.0,1.0,0,7.0,115623,39.0,2023-10-24,Experience in data cleaning and ETL
37,Female,B.Sc+Cert,15.0,Junior,SME,Remote,6.0,2.0,0,1.0,174348,55.0,2024-04-10,No relevant project mentioned
30,Male,M.Sc,8.0,Senior,SME,Tier-2,4.0,0.0,0,3.0,123701,61.0,2023-09-07,Worked on microservices deployment
42,Female,B.Sc+Cert,18.0,Senior,SME,Tier-2,6.0,0.0,0,2.0,197807,60.0,2024-02-26,No relevant project mentioned
41,Male,B.Sc,18.0,Mid,SME,Tier-1,2.0,1.0,0,1.0,175096,55.0,2024-04-17,Contributed to open-source NLP repo
29,Male,B.Sc,6.0,Mid,Enterprise,Tier-2,,1.0,0,0.0,92601,61.0,2023-09-30,Built ML pipeline for preprocessing
36,Male,B.Sc+Cert,13.0,Mid,Startup,Tier-3,,1.0,1,5.0,133484,68.0,2023-06-22,Experience in data cleaning and ETL
34,Female,B.Sc,12.0,Mid,SME,Tier-2,4.0,0.0,0,0.0,136462,63.0,2023-08-24,None
38,Female,M.Sc,17.0,Mid,SME,Tier-1,5.0,1.0,1,,200915,,2023-02-15,Experience in data cleaning and ETL
24,Male,B.Sc,0.0,Junior,Startup,Tier-2,4.0,0.0,0,0.0,27762,47.0,2024-01-27,Worked on microservices deployment
34,Male,B.Sc,11.0,Mid,Enterprise,Tier-1,6.0,1.0,0,0.0,159754,55.0,2024-10-16,Built ML pipeline for preprocessing
36,Female,B.Sc,13.0,Junior,Startup,Remote,4.0,0.0,1,0.0,153528,,2023-08-21,Worked on microservices deployment
20,Male,B.Sc,0.0,Junior,SME,Tier-1,5.0,4.0,0,2.0,48437,48.0,2024-02-21,Experience in data cleaning and ETL
23,Female,B.Sc,6.0,Mid,SME,Remote,6.0,1.0,0,0.0,99439,48.0,2023-09-23,Worked on microservices deployment
20,Female,B.Sc,0.0,Mid,Startup,Tier-1,3.0,1.0,0,1.0,40244,62.0,2023-07-09,No relevant project mentioned
28,Male,,6.0,Mid,SME,Tier-1,,0.0,0,4.0,137790,31.0,2023-07-02,Contributed to open-source NLP repo
34,Male,B.Sc,13.0,Mid,SME,Tier-2,8.0,1.0,0,4.0,144278,69.0,2023-12-23,No relevant project mentioned
39,Female,M.Sc,15.0,Senior,Enterprise,Tier-3,4.0,,0,2.0,195451,48.0,2024-12-03,None
30,Female,M.Eng,10.0,Mid,Enterprise,Tier-2,7.0,1.0,0,2.0,142467,,2023-05-19,None
40,Male,M.Sc,17.0,Mid,Startup,Tier-1,4.0,0.0,1,0.0,188911,41.0,2024-06-30,Built ML pipeline for preprocessing
22,Female,B.Sc,0.0,Junior,SME,Tier-1,5.0,0.0,0,3.0,39663,56.0,2024-05-19,Built ML pipeline for preprocessing
20,Male,M.Sc,,Junior,Enterprise,Tier-2,2.0,,0,2.0,38220,35.0,2024-04-26,Experience in data cleaning and ETL
30,Male,M.Sc,6.0,Junior,Startup,Tier-1,9.0,2.0,1,2.0,103822,68.0,2023-12-18,No relevant project mentioned
32,Female,M.Sc,10.0,Mid,SME,Tier-1,1.0,2.0,0,3.0,141073,62.0,2023-12-08,No relevant project mentioned
30,Female,M.Sc,4.0,Senior,Enterprise,Tier-2,5.0,1.0,0,2.0,106842,49.0,2024-10-05,Built ML pipeline for preprocessing
20,Male,PhD,0.0,Junior,SME,Tier-1,4.0,1.0,1,2.0,58452,67.0,2023-03-14,Experience in data cleaning and ETL
29,Female,M.Sc,5.0,Mid,Startup,Tier-1,3.0,1.0,0,2.0,88157,60.0,2023-06-12,Worked on microservices deployment
22,Male,B.Sc,0.0,Junior,SME,Tier-1,7.0,2.0,1,2.0,44834,66.0,2023-08-11,Built ML pipeline for preprocessing
34,Male,M.Sc,12.0,Junior,SME,Remote,4.0,2.0,0,,138043,44.0,2023-07-04,No relevant project mentioned
32,Male,B.Sc,7.0,Senior,Enterprise,Tier-1,3.0,3.0,0,1.0,129663,57.0,2023-04-05,None
24,Female,B.Sc+Cert,2.0,Mid,Startup,Remote,6.0,0.0,0,0.0,57307,74.0,2024-11-14,Contributed to open-source NLP repo
27,Male,B.Sc,2.0,Junior,Enterprise,Tier-1,4.0,2.0,0,,70870,71.0,2023-11-05,Built ML pipeline for preprocessing
24,Male,B.Sc,0.0,Mid,SME,Tier-3,3.0,2.0,1,6.0,35867,63.0,2023-05-28,Worked on microservices deployment
30,Male,M.Eng,8.0,Mid,Startup,Tier-1,6.0,1.0,1,1.0,119489,74.0,2023-11-15,Worked on microservices deployment
36,Female,M.Sc,15.0,Mid,SME,Tier-2,6.0,1.0,1,4.0,178466,49.0,2023-06-28,Built ML pipeline for preprocessing
24,Male,,3.0,Junior,SME,Tier-3,3.0,1.0,0,1.0,47185,75.0,2024-10-15,Contributed to open-source NLP repo
33,Female,B.Sc,10.0,Mid,Startup,Tier-3,6.0,1.0,1,2.0,122648,,2023-10-18,No relevant project mentioned
27,Male,B.Sc+Cert,3.0,Junior,Startup,Tier-3,6.0,2.0,1,5.0,53523,41.0,2024-09-13,None
25,Male,B.Sc,2.0,Senior,Enterprise,Tier-3,2.0,0.0,0,4.0,64991,49.0,2024-05-11,Experience in data cleaning and ETL
29,Male,,7.0,Mid,Enterprise,Tier-1,8.0,1.0,1,5.0,141761,76.0,2023-10-28,Worked on microservices deployment
24,Female,B.Sc,0.0,Mid,SME,Tier-2,3.0,1.0,1,0.0,39543,67.0,2023-06-10,Built ML pipeline for preprocessing
27,Female,M.Sc,6.0,Junior,Startup,Tier-2,10.0,1.0,1,0.0,87612,58.0,2023-03-02,Worked on microservices deployment
23,Male,M.Eng,0.0,Junior,Enterprise,Remote,4.0,1.0,0,1.0,55354,69.0,2023-03-13,Contributed to open-source NLP repo
42,Male,B.Sc,21.0,Junior,SME,Tier-1,,1.0,1,4.0,211724,69.0,2024-03-12,Worked on microservices deployment
30,Male,B.Sc,9.0,Lead,Startup,Remote,3.0,0.0,0,4.0,129239,82.0,2024-04-26,None
26,Male,B.Sc,7.0,Junior,Enterprise,Tier-2,8.0,3.0,1,0.0,107452,59.0,2023-04-25,Worked on microservices deployment
31,Male,M.Sc,8.0,Junior,Startup,Tier-2,7.0,0.0,0,0.0,105090,,2023-07-25,Contributed to open-source NLP repo
29,Male,B.Sc,7.0,Lead,SME,Tier-1,8.0,,1,4.0,140385,53.0,2023-11-30,Built ML pipeline for preprocessing
29,Male,M.Sc,4.0,Mid,SME,Tier-2,3.0,0.0,0,2.0,70812,39.0,2023-11-02,Built ML pipeline for preprocessing
34,Male,B.Sc,12.0,Senior,SME,Tier-3,6.0,0.0,0,2.0,154175,63.0,2024-07-07,Contributed to open-source NLP repo
35,Male,B.Sc,15.0,Junior,Startup,Tier-2,6.0,2.0,0,4.0,158487,59.0,2024-06-15,Built ML pipeline for preprocessing
27,Female,B.Sc,6.0,Mid,SME,Remote,7.0,0.0,0,0.0,85678,,2024-08-26,Worked on microservices deployment
27,Male,,5.0,Mid,Enterprise,Tier-3,3.0,,1,0.0,82466,67.0,2024-08-02,No relevant project mentioned
28,Male,M.Sc,4.0,Senior,SME,Tier-2,8.0,1.0,1,5.0,111538,59.0,2023-05-15,No relevant project mentioned
20,Female,B.Sc+Cert,0.0,Junior,SME,Remote,8.0,3.0,0,0.0,45068,81.0,2024-07-31,Worked on microservices deployment
21,Male,M.Sc,,Mid,Startup,Tier-2,5.0,0.0,0,0.0,46373,61.0,2023-05-31,None
38,Male,B.Sc,14.0,Senior,Enterprise,Tier-2,11.0,2.0,0,1.0,170945,,2024-07-01,Built ML pipeline for preprocessing
40,Male,B.Sc+Cert,13.0,Mid,Enterprise,Tier-1,2.0,1.0,0,1.0,174252,61.0,2023-05-20,Experience in data cleaning and ETL
29,Male,M.Sc,5.0,Mid,Enterprise,Tier-1,3.0,0.0,1,0.0,93485,53.0,2024-02-11,No relevant project mentioned
33,Male,B.Sc+Cert,9.0,Junior,SME,Tier-2,4.0,0.0,1,3.0,117053,63.0,2024-05-04,Contributed to open-source NLP repo
32,Male,B.Sc,8.0,Junior,Enterprise,Remote,4.0,1.0,0,7.0,91954,55.0,2023-07-24,Worked on microservices deployment
48,Female,B.Sc,23.0,Mid,Startup,Tier-1,8.0,0.0,0,0.0,251917,54.0,2023-10-22,None
37,Male,B.Sc,12.0,Mid,SME,Tier-1,4.0,3.0,1,4.0,139167,62.0,2024-08-04,Worked on microservices deployment
29,Male,M.Sc,5.0,Lead,SME,Tier-2,9.0,1.0,0,0.0,147637,69.0,2024-11-01,Contributed to open-source NLP repo
24,Male,B.Sc,0.0,Mid,SME,Tier-1,8.0,0.0,0,0.0,53719,53.0,2023-07-03,No relevant project mentioned
20,Male,B.Sc,0.0,Mid,Enterprise,Tier-3,4.0,1.0,0,2.0,45308,55.0,2023-01-18,None
31,Male,B.Sc,10.0,Senior,SME,Tier-3,7.0,1.0,0,7.0,125224,45.0,2024-01-18,Experience in data cleaning and ETL
25,Female,M.Sc,2.0,Junior,Startup,Tier-1,2.0,1.0,0,6.0,49884,73.0,2024-07-24,No relevant project mentioned
21,Male,M.Sc,,Mid,SME,Remote,6.0,0.0,1,0.0,56345,79.0,2024-09-12,Worked on microservices deployment
26,Male,B.Sc,4.0,Junior,SME,Tier-2,7.0,1.0,0,0.0,71365,71.0,2024-10-04,Contributed to open-source NLP repo
24,Male,B.Sc,,Junior,SME,Tier-2,5.0,4.0,1,6.0,63326,51.0,2024-06-25,None
40,Male,M.Sc,,Senior,Startup,Tier-1,,1.0,0,0.0,233649,50.0,2024-05-22,No relevant project mentioned
35,Other,B.Sc+Cert,11.0,Mid,Startup,Tier-2,5.0,1.0,1,3.0,131380,70.0,2023-07-11,No relevant project mentioned
30,Male,M.Sc,7.0,Mid,SME,Remote,6.0,1.0,0,,124659,52.0,2023-07-17,Built ML pipeline for preprocessing
39,Male,B.Sc+Cert,18.0,Mid,Enterprise,Tier-1,3.0,0.0,0,2.0,211269,59.0,2023-08-30,No relevant project mentioned
30,Male,M.Sc,7.0,Mid,Enterprise,Tier-1,5.0,2.0,0,2.0,134437,44.0,2023-04-01,No relevant project mentioned
25,Female,M.Sc,1.0,Junior,Enterprise,Tier-1,5.0,1.0,1,2.0,73940,56.0,2023-01-02,Contributed to open-source NLP repo
39,Male,,12.0,Mid,Enterprise,Tier-1,,1.0,1,4.0,151958,,2024-08-31,None
33,Male,M.Sc,11.0,Mid,Startup,Tier-1,7.0,3.0,1,0.0,153576,47.0,2024-04-09,Worked on microservices deployment
24,Female,M.Sc,0.0,Senior,Enterprise,Tier-1,5.0,1.0,0,1.0,103717,64.0,2023-10-12,Contributed to open-source NLP repo
29,Female,M.Sc,4.0,Junior,SME,Remote,6.0,0.0,0,1.0,77780,54.0,2023-01-04,Worked on microservices deployment
25,Male,B.Sc,6.0,Junior,Enterprise,Tier-3,3.0,0.0,0,0.0,75591,70.0,2023-08-26,No relevant project mentioned
22,Male,B.Sc,0.0,Mid,SME,Tier-1,5.0,1.0,0,,49477,56.0,2024-07-05,Contributed to open-source NLP repo
36,Male,B.Sc,11.0,Senior,Enterprise,Tier-3,4.0,1.0,0,,137559,65.0,2024-03-14,None
41,Male,B.Sc,18.0,Mid,SME,Tier-1,2.0,0.0,1,0.0,194747,63.0,2024-01-25,Built ML pipeline for preprocessing
22,Male,B.Sc,4.0,Mid,Startup,Tier-2,5.0,2.0,0,6.0,67831,58.0,2023-11-25,Contributed to open-source NLP repo
33,Male,M.Eng,10.0,Lead,SME,Tier-1,6.0,0.0,1,2.0,197931,66.0,2023-08-29,None
26,Male,B.Sc,0.0,Lead,Startup,Tier-1,3.0,0.0,0,2.0,56662,39.0,2024-09-06,No relevant project mentioned
27,Male,B.Sc,5.0,Mid,Enterprise,Remote,,3.0,0,3.0,103627,59.0,2024-05-09,Built ML pipeline for preprocessing
26,Male,B.Sc,4.0,Mid,SME,Tier-1,6.0,3.0,0,3.0,95773,67.0,2023-03-02,Built ML pipeline for preprocessing
25,Female,M.Sc,3.0,Junior,SME,Tier-3,4.0,2.0,0,2.0,69482,,2023-03-03,Built ML pipeline for preprocessing
30,Male,B.Sc,8.0,Senior,Enterprise,Tier-2,5.0,1.0,1,1.0,130274,58.0,2024-03-27,Built ML pipeline for preprocessing
25,Male,B.Sc,1.0,Mid,SME,Tier-1,3.0,3.0,1,1.0,67603,60.0,2023-10-04,Contributed to open-source NLP repo
32,Male,M.Sc,13.0,Lead,SME,Tier-3,3.0,1.0,1,0.0,177239,77.0,2023-06-08,Contributed to open-source NLP repo
30,Female,B.Sc,3.0,Junior,Startup,Tier-2,4.0,0.0,1,5.0,58167,68.0,2023-08-27,Built ML pipeline for preprocessing
29,Male,B.Sc+Cert,4.0,Mid,SME,Tier-1,3.0,1.0,0,3.0,83962,55.0,2023-02-12,Contributed to open-source NLP repo
25,Male,B.Sc+Cert,0.0,Mid,Enterprise,Tier-1,5.0,2.0,0,2.0,72806,75.0,2024-02-17,Contributed to open-source NLP repo
27,Male,B.Sc,6.0,Mid,Enterprise,Tier-1,7.0,2.0,1,1.0,97494,46.0,2024-03-14,Contributed to open-source NLP repo
35,Male,B.Sc,14.0,Junior,Enterprise,Remote,5.0,0.0,0,2.0,167728,70.0,2023-11-10,Contributed to open-source NLP repo
33,Male,M.Sc,9.0,Mid,Startup,Tier-2,6.0,3.0,0,2.0,123556,52.0,2023-06-01,Worked on microservices deployment
24,Male,B.Sc,0.0,Senior,Startup,Tier-1,1.0,0.0,0,1.0,46058,,2023-03-21,Contributed to open-source NLP repo
31,Male,B.Sc,,Mid,Startup,Remote,,1.0,0,1.0,111240,77.0,2023-05-17,No relevant project mentioned
35,Female,B.Sc,14.0,Junior,Enterprise,Tier-1,7.0,3.0,1,5.0,190681,65.0,2024-12-25,Built ML pipeline for preprocessing
20,Male,B.Sc+Cert,0.0,Mid,Startup,Tier-1,10.0,1.0,0,2.0,49867,66.0,2024-03-25,No relevant project mentioned
33,Male,B.Sc,10.0,Junior,Startup,Tier-1,4.0,1.0,0,0.0,106517,59.0,2024-01-21,Contributed to open-source NLP repo
26,Female,M.Sc,3.0,Junior,SME,Tier-2,6.0,0.0,0,1.0,56943,,2024-11-07,Built ML pipeline for preprocessing
33,Male,M.Sc,11.0,Mid,SME,Tier-1,6.0,1.0,0,1.0,142891,68.0,2024-01-18,Worked on microservices deployment
25,Male,B.Sc,1.0,Senior,Enterprise,Tier-2,6.0,2.0,1,3.0,72279,61.0,2023-06-14,Built ML pipeline for preprocessing
20,Male,B.Sc,0.0,Mid,SME,Remote,8.0,1.0,0,3.0,49774,52.0,2024-12-09,No relevant project mentioned
20,Male,PhD,0.0,Mid,SME,Tier-1,4.0,1.0,0,1.0,76941,57.0,2023-10-29,Built ML pipeline for preprocessing
30,Female,B.Sc,6.0,Junior,SME,Tier-1,9.0,2.0,0,6.0,85529,49.0,2023-02-17,No relevant project mentioned
32,Female,M.Sc,7.0,Mid,Enterprise,Tier-1,3.0,,0,5.0,135882,60.0,2023-05-07,Contributed to open-source NLP repo
25,Male,B.Sc,0.0,Junior,SME,Tier-2,7.0,,0,5.0,37528,66.0,2024-01-03,None
34,Male,B.Sc,12.0,Lead,SME,Remote,6.0,1.0,1,1.0,177331,69.0,2024-10-09,None
20,Female,B.Sc,,Senior,SME,Tier-1,,0.0,0,,59795,46.0,2023-02-01,None
30,Female,B.Sc,8.0,Mid,Startup,Tier-1,4.0,1.0,0,1.0,123667,66.0,2024-05-21,Contributed to open-source NLP repo
23,Female,B.Sc,1.0,Mid,Enterprise,Tier-1,5.0,1.0,1,1.0,77306,54.0,2024-09-04,Worked on microservices deployment
26,Male,M.Eng,5.0,Senior,Startup,Tier-1,3.0,1.0,1,5.0,100737,52.0,2023-03-18,None
30,Male,B.Sc,7.0,Mid,Enterprise,Tier-2,6.0,2.0,0,0.0,96037,55.0,2024-12-07,Experience in data cleaning and ETL
25,Female,B.Sc,1.0,Junior,Startup,Tier-1,4.0,0.0,0,4.0,38154,54.0,2023-07-20,Worked on microservices deployment
28,Male,B.Sc,5.0,Junior,Enterprise,Tier-1,3.0,1.0,0,2.0,88215,69.0,2023-03-09,No relevant project mentioned
36,Male,M.Sc,9.0,Mid,Enterprise,Tier-2,1.0,2.0,0,0.0,148322,56.0,2023-01-28,Contributed to open-source NLP repo
27,Male,B.Sc,4.0,Senior,SME,Tier-1,2.0,1.0,0,2.0,88443,56.0,2024-02-04,Worked on microservices deployment
35,Male,M.Sc,,Junior,SME,Tier-2,4.0,2.0,0,0.0,100837,44.0,2023-02-26,Experience in data cleaning and ETL
23,Male,B.Sc,1.0,Junior,SME,Tier-1,5.0,1.0,0,0.0,50738,49.0,2023-07-22,None
33,Male,,,Mid,SME,Remote,8.0,0.0,1,4.0,111238,51.0,2024-07-20,Contributed to open-source NLP repo
39,Female,B.Sc,15.0,Senior,Startup,Tier-1,,0.0,1,3.0,181751,,2023-03-24,Built ML pipeline for preprocessing
20,Male,M.Eng,0.0,Junior,SME,Remote,2.0,2.0,0,0.0,46279,,2024-09-09,Contributed to open-source NLP repo
25,Female,B.Sc,,Junior,Enterprise,Tier-1,,,0,6.0,43433,49.0,2023-09-08,Contributed to open-source NLP repo
33,Male,B.Sc,7.0,Mid,Startup,Tier-3,3.0,,0,0.0,91963,52.0,2023-12-08,None
29,Male,,4.0,Mid,Enterprise,Tier-1,5.0,1.0,0,1.0,99047,49.0,2024-02-27,No relevant project mentioned
32,Female,M.Eng,7.0,Junior,SME,Tier-2,6.0,0.0,0,0.0,100526,61.0,2024-03-14,Worked on microservices deployment
26,Male,B.Sc,,Junior,SME,Tier-1,6.0,1.0,1,0.0,44523,73.0,2024-02-18,None
31,Male,B.Sc,8.0,Mid,Enterprise,Tier-2,4.0,1.0,0,0.0,111385,53.0,2023-05-13,Built ML pipeline for preprocessing
29,Male,B.Sc,8.0,Mid,SME,Tier-2,5.0,2.0,0,4.0,115795,62.0,2024-03-04,Built ML pipeline for preprocessing
37,Male,B.Sc,15.0,Lead,SME,Tier-2,4.0,0.0,0,7.0,168607,62.0,2024-12-04,Contributed to open-source NLP repo
32,Female,M.Sc,9.0,Mid,Enterprise,Tier-2,5.0,0.0,1,5.0,134251,53.0,2024-06-27,Worked on microservices deployment
32,Female,M.Sc,6.0,Junior,Enterprise,Tier-1,,2.0,1,2.0,118667,64.0,2024-09-01,Contributed to open-source NLP repo
28,Male,B.Sc,6.0,Mid,Startup,Tier-1,5.0,1.0,1,3.0,97114,52.0,2023-09-25,Worked on microservices deployment
27,Male,,5.0,Mid,SME,Tier-2,9.0,1.0,0,2.0,84250,44.0,2023-04-17,Built ML pipeline for preprocessing
27,Male,B.Sc,4.0,Junior,SME,Tier-1,,1.0,1,1.0,77903,42.0,2023-03-07,Experience in data cleaning and ETL
32,Female,B.Sc,13.0,Senior,Startup,Tier-1,8.0,0.0,1,3.0,169181,,2023-02-21,Experience in data cleaning and ETL
27,Male,B.Sc,5.0,Senior,Startup,Tier-1,2.0,0.0,0,7.0,83395,72.0,2024-12-11,Experience in data cleaning and ETL
32,Male,M.Sc,8.0,Junior,SME,Tier-1,3.0,1.0,0,,106113,55.0,2023-10-15,Contributed to open-source NLP repo
42,Male,B.Sc+Cert,19.0,Junior,SME,Tier-2,2.0,0.0,1,1.0,188976,,2023-08-20,Contributed to open-source NLP repo
35,Male,PhD,,Junior,Enterprise,Tier-2,2.0,0.0,1,1.0,190110,61.0,2023-06-12,No relevant project mentioned
28,Male,B.Sc+Cert,5.0,Junior,Enterprise,Remote,4.0,2.0,1,1.0,100494,66.0,2023-08-29,Worked on microservices deployment
37,Female,M.Sc,,Mid,SME,Tier-1,4.0,1.0,0,2.0,159960,55.0,2024-01-25,Experience in data cleaning and ETL
28,Male,M.Sc,4.0,Mid,Startup,Remote,7.0,1.0,1,2.0,82002,64.0,2023-01-22,Contributed to open-source NLP repo
20,Male,B.Sc,2.0,Lead,Startup,Tier-2,4.0,0.0,0,0.0,67090,,2024-12-29,None
24,Female,M.Sc,0.0,Junior,SME,Remote,7.0,1.0,0,1.0,55462,71.0,2024-11-17,No relevant project mentioned
20,Female,B.Sc,0.0,Mid,SME,Tier-3,7.0,0.0,1,2.0,39428,51.0,2024-05-07,None
28,Male,B.Sc,2.0,Senior,Startup,Tier-2,8.0,0.0,1,2.0,66958,,2024-11-14,Experience in data cleaning and ETL
30,Male,M.Sc,7.0,Mid,SME,Tier-1,5.0,0.0,1,5.0,113743,41.0,2024-06-04,Built ML pipeline for preprocessing
40,Male,B.Sc,14.0,Junior,Enterprise,Tier-1,5.0,0.0,1,1.0,163300,,2023-12-28,Contributed to open-source NLP repo
32,Male,,,Junior,Enterprise,Tier-1,2.0,2.0,1,,101370,,2023-02-28,Built ML pipeline for preprocessing
29,Male,B.Sc+Cert,,Junior,Enterprise,Remote,3.0,0.0,0,1.0,61212,76.0,2024-04-29,None
35,Male,B.Sc,,Lead,SME,Remote,2.0,0.0,1,0.0,192614,52.0,2024-09-20,Built ML pipeline for preprocessing
20,Male,B.Sc,0.0,Senior,Startup,Tier-3,4.0,2.0,1,1.0,43181,,2023-04-11,Experience in data cleaning and ETL
31,Female,B.Sc+Cert,9.0,Senior,Startup,Remote,5.0,1.0,0,1.0,122506,52.0,2023-12-06,Contributed to open-source NLP repo
35,Male,M.Sc,12.0,Senior,Enterprise,Remote,,0.0,0,3.0,189574,65.0,2024-04-30,Contributed to open-source NLP repo
21,Male,B.Sc,0.0,Mid,SME,Tier-2,,1.0,0,1.0,35792,65.0,2024-11-19,Contributed to open-source NLP repo
37,Male,B.Sc,17.0,Senior,SME,Tier-2,5.0,0.0,1,5.0,184591,73.0,2023-01-16,Contributed to open-source NLP repo
32,Female,B.Sc,8.0,Lead,Startup,Tier-2,8.0,1.0,1,1.0,120501,61.0,2024-05-12,Contributed to open-source NLP repo
28,Female,B.Sc+Cert,5.0,Mid,SME,Tier-2,6.0,1.0,1,0.0,89322,52.0,2023-05-01,None
34,Female,M.Sc,12.0,Junior,Startup,Tier-1,6.0,1.0,0,0.0,138147,71.0,2023-08-02,Worked on microservices deployment
44,Female,B.Sc,22.0,Mid,Startup,Tier-2,,0.0,1,,249467,64.0,2023-11-26,Worked on microservices deployment
31,Female,B.Sc,8.0,Junior,SME,Tier-2,5.0,1.0,1,1.0,93667,51.0,2023-03-25,Contributed to open-source NLP repo
31,Male,B.Sc,10.0,Junior,SME,Tier-2,4.0,2.0,0,1.0,115155,,2023-06-30,No relevant project mentioned
27,Male,B.Sc+Cert,2.0,Senior,Startup,Remote,4.0,4.0,1,0.0,96066,,2024-01-21,Contributed to open-source NLP repo
25,Male,B.Sc,1.0,Senior,Startup,Tier-1,1.0,1.0,0,3.0,61674,50.0,2023-11-19,Experience in data cleaning and ETL
35,Female,M.Sc,10.0,Junior,Enterprise,Tier-1,8.0,2.0,1,3.0,150723,65.0,2024-07-07,None
25,Female,B.Sc,0.0,Mid,SME,Tier-3,,2.0,1,1.0,43761,57.0,2024-03-23,None
30,Male,M.Sc,8.0,Senior,SME,Tier-2,7.0,1.0,1,3.0,142590,73.0,2023-03-14,No relevant project mentioned
27,Male,B.Sc+Cert,3.0,Mid,SME,Tier-1,7.0,0.0,0,1.0,73344,52.0,2023-09-12,Experience in data cleaning and ETL
33,Male,M.Sc,11.0,Mid,Enterprise,Tier-2,2.0,1.0,0,0.0,129807,67.0,2024-11-30,Contributed to open-source NLP repo
32,Female,B.Sc,9.0,Mid,Startup,Tier-2,5.0,0.0,1,3.0,110448,60.0,2023-10-17,Built ML pipeline for preprocessing
36,Male,M.Sc,14.0,Senior,Startup,Remote,6.0,1.0,0,6.0,169683,62.0,2024-05-14,Experience in data cleaning and ETL
27,Male,M.Sc,7.0,Senior,SME,Tier-2,6.0,0.0,0,2.0,143654,60.0,2024-08-30,No relevant project mentioned
28,Male,B.Sc,6.0,Mid,Startup,Tier-1,1.0,0.0,0,1.0,93264,57.0,2024-08-10,Contributed to open-source NLP repo
24,Male,B.Sc+Cert,3.0,Junior,SME,Tier-2,5.0,0.0,0,1.0,64324,,2023-01-02,No relevant project mentioned
27,Female,M.Sc,3.0,Senior,SME,Remote,7.0,0.0,1,6.0,82417,49.0,2024-01-18,Built ML pipeline for preprocessing
32,Male,B.Sc+Cert,12.0,Junior,Enterprise,Tier-2,5.0,1.0,1,1.0,136536,55.0,2024-11-20,None
35,Female,M.Sc,9.0,Mid,Enterprise,Tier-3,4.0,2.0,0,3.0,126325,63.0,2023-04-22,Contributed to open-source NLP repo
24,Male,B.Sc,0.0,Junior,Enterprise,Tier-1,6.0,0.0,1,2.0,49130,60.0,2023-07-23,Worked on microservices deployment
35,Male,B.Sc,17.0,Mid,Startup,Remote,3.0,1.0,0,2.0,165394,53.0,2023-01-26,Experience in data cleaning and ETL
38,Male,B.Sc,19.0,Mid,Enterprise,Tier-3,2.0,2.0,0,0.0,189521,49.0,2023-04-18,Contributed to open-source NLP repo
32,Female,B.Sc+Cert,5.0,Junior,Startup,Tier-3,,5.0,1,0.0,77161,48.0,2024-11-07,Contributed to open-source NLP repo
41,Male,M.Sc,,Senior,SME,Tier-1,3.0,0.0,0,2.0,279619,60.0,2024-07-20,Built ML pipeline for preprocessing
25,Male,M.Sc,2.0,Junior,Enterprise,Remote,9.0,0.0,0,7.0,71489,65.0,2023-10-01,Worked on microservices deployment
23,Male,B.Sc,0.0,Senior,Startup,Tier-2,6.0,0.0,1,0.0,50820,63.0,2024-06-25,Built ML pipeline for preprocessing
20,Female,B.Sc,0.0,Senior,SME,Remote,4.0,1.0,0,2.0,64568,,2023-01-17,Contributed to open-source NLP repo
39,Male,M.Sc,,Junior,Startup,Tier-1,4.0,0.0,0,3.0,141004,60.0,2024-04-08,Worked on microservices deployment
34,Female,B.Sc,10.0,Mid,Startup,Tier-1,6.0,1.0,0,2.0,145821,56.0,2023-10-25,Built ML pipeline for preprocessing
30,Male,B.Sc,6.0,Junior,Enterprise,Tier-1,5.0,2.0,1,2.0,104941,56.0,2024-08-15,Experience in data cleaning and ETL
32,Male,M.Sc,6.0,Senior,Startup,Tier-2,4.0,2.0,0,3.0,84376,40.0,2024-01-31,Built ML pipeline for preprocessing
23,Male,B.Sc,,Mid,Startup,Tier-2,6.0,0.0,0,,39299,77.0,2023-01-27,Experience in data cleaning and ETL
45,Male,B.Sc,22.0,Junior,SME,Tier-2,4.0,1.0,1,1.0,184740,54.0,2023-07-02,Worked on microservices deployment
31,Male,B.Sc,9.0,Mid,Enterprise,Tier-2,8.0,1.0,1,5.0,144604,46.0,2024-05-30,No relevant project mentioned
31,Male,B.Sc,9.0,Mid,Startup,Tier-3,4.0,0.0,0,2.0,108002,53.0,2024-11-05,None
34,Male,PhD,13.0,Senior,SME,Tier-1,1.0,1.0,0,3.0,182065,51.0,2024-03-24,Worked on microservices deployment
33,Female,,10.0,Junior,Enterprise,Tier-1,3.0,0.0,0,0.0,121681,69.0,2023-11-28,None
31,Male,B.Sc,6.0,Mid,Startup,Remote,6.0,0.0,0,2.0,92502,62.0,2024-08-06,Worked on microservices deployment
25,Female,B.Sc,1.0,Junior,SME,Tier-2,6.0,2.0,1,0.0,46442,52.0,2024-03-31,Built ML pipeline for preprocessing
33,Male,,,Senior,Enterprise,Tier-2,5.0,1.0,0,1.0,165105,62.0,2024-08-10,Contributed to open-source NLP repo
41,Male,B.Sc,16.0,Junior,SME,Tier-2,7.0,1.0,0,0.0,176859,60.0,2024-02-24,Built ML pipeline for preprocessing
38,Male,M.Sc,15.0,Mid,Enterprise,Tier-2,4.0,2.0,1,5.0,165140,72.0,2023-08-28,Built ML pipeline for preprocessing
40,Male,B.Sc,18.0,Junior,Startup,Tier-1,,1.0,0,3.0,177474,54.0,2024-05-26,Worked on microservices deployment
27,Male,B.Sc,1.0,Mid,Enterprise,Tier-2,4.0,1.0,1,4.0,63224,56.0,2023-10-17,Experience in data cleaning and ETL
24,Male,B.Sc,0.0,Senior,Enterprise,Remote,6.0,1.0,0,1.0,68400,63.0,2024-03-14,Built ML pipeline for preprocessing
29,Male,M.Eng,,Senior,Startup,Tier-2,,1.0,0,5.0,123619,53.0,2024-06-06,Worked on microservices deployment
30,Male,B.Sc+Cert,,Senior,Startup,Tier-1,5.0,5.0,1,5.0,150408,60.0,2024-07-24,Worked on microservices deployment
37,Female,B.Sc,13.0,Mid,Enterprise,Tier-3,4.0,1.0,0,1.0,154283,66.0,2023-09-16,Built ML pipeline for preprocessing
20,Female,B.Sc,0.0,Senior,SME,Tier-1,3.0,1.0,0,1.0,61139,61.0,2024-12-14,Built ML pipeline for preprocessing
39,Male,B.Sc+Cert,17.0,Mid,SME,Tier-1,6.0,2.0,1,2.0,182091,74.0,2023-09-25,None
29,Male,B.Sc,4.0,Senior,SME,Remote,2.0,3.0,0,0.0,100303,68.0,2023-04-23,Experience in data cleaning and ETL
27,Male,M.Eng,7.0,Mid,Enterprise,Tier-1,5.0,1.0,0,7.0,157104,,2024-08-07,None
24,Male,B.Sc,0.0,Mid,Enterprise,Remote,,1.0,1,1.0,62090,,2024-02-09,Contributed to open-source NLP repo
20,Male,B.Sc+Cert,0.0,Junior,Startup,Tier-2,5.0,0.0,1,2.0,35567,58.0,2024-02-06,No relevant project mentioned
35,Male,M.Sc,,Mid,Startup,Tier-3,8.0,0.0,1,3.0,147754,69.0,2023-08-24,Worked on microservices deployment
30,Male,B.Sc+Cert,,Junior,Enterprise,Tier-2,4.0,1.0,1,1.0,126499,57.0,2023-01-06,Worked on microservices deployment
22,Male,M.Sc,0.0,Senior,Enterprise,Tier-1,7.0,0.0,0,0.0,107225,50.0,2024-08-23,None
22,Male,B.Sc,0.0,Mid,SME,Tier-2,8.0,3.0,1,0.0,50266,55.0,2023-04-24,Experience in data cleaning and ETL
28,Female,B.Sc+Cert,7.0,Lead,Enterprise,Remote,11.0,,1,2.0,178171,,2023-12-31,No relevant project mentioned
40,Female,B.Sc,14.0,Junior,Enterprise,Tier-3,4.0,0.0,0,0.0,146930,57.0,2023-11-17,None
28,Male,B.Sc,6.0,Junior,Startup,Tier-2,3.0,1.0,1,3.0,69314,80.0,2023-11-07,Experience in data cleaning and ETL
21,Female,M.Sc,0.0,Senior,Enterprise,Remote,9.0,1.0,0,1.0,96104,48.0,2023-06-17,None
29,Female,M.Sc,,Mid,SME,Tier-1,6.0,0.0,0,,115256,,2023-02-21,Built ML pipeline for preprocessing
28,Male,B.Sc+Cert,5.0,Mid,Startup,Tier-1,4.0,0.0,0,1.0,75401,61.0,2023-10-27,Contributed to open-source NLP repo
20,Male,,0.0,Senior,SME,Tier-1,6.0,2.0,0,0.0,56211,60.0,2023-03-03,None
30,Male,M.Sc,10.0,Mid,Enterprise,Tier-3,6.0,,0,3.0,123853,52.0,2023-03-25,Built ML pipeline for preprocessing
29,Female,M.Sc,6.0,Junior,Enterprise,Tier-3,2.0,0.0,0,0.0,77365,,2023-12-19,None
34,Female,B.Sc,9.0,Senior,Startup,Tier-2,10.0,3.0,1,4.0,143664,65.0,2024-10-30,None
41,Male,B.Sc,23.0,Junior,Startup,Remote,5.0,0.0,0,0.0,224869,38.0,2024-05-17,Built ML pipeline for preprocessing
37,Male,B.Sc,14.0,Senior,SME,Tier-2,5.0,1.0,0,,191250,,2024-10-20,Worked on microservices deployment
28,Male,B.Sc,7.0,Junior,Enterprise,Tier-1,3.0,2.0,0,2.0,103953,70.0,2024-04-19,No relevant project mentioned
23,Male,PhD,0.0,Mid,Enterprise,Tier-1,5.0,1.0,1,2.0,88170,65.0,2024-09-26,Contributed to open-source NLP repo
45,Male,M.Sc,24.0,Junior,SME,Remote,6.0,0.0,0,7.0,238031,68.0,2024-05-17,Worked on microservices deployment
30,Female,M.Sc,9.0,Mid,SME,Tier-1,7.0,2.0,1,1.0,139285,60.0,2024-11-24,Worked on microservices deployment
30,Male,PhD,8.0,Junior,Startup,Tier-2,,0.0,1,5.0,110622,,2023-04-09,Contributed to open-source NLP repo
30,Female,,8.0,Senior,SME,Tier-1,1.0,,0,0.0,111930,59.0,2024-12-02,Contributed to open-source NLP repo
31,Female,M.Eng,9.0,Mid,Startup,Tier-1,6.0,1.0,0,1.0,130837,59.0,2023-11-02,Built ML pipeline for preprocessing
29,Female,B.Sc,9.0,Junior,Enterprise,Tier-2,10.0,2.0,0,0.0,134047,62.0,2023-11-11,Worked on microservices deployment
27,Male,B.Sc+Cert,,Mid,Startup,Tier-1,,1.0,0,2.0,69693,74.0,2024-12-10,Experience in data cleaning and ETL
27,Male,B.Sc,6.0,Mid,SME,Remote,4.0,0.0,0,2.0,100538,66.0,2024-03-17,Worked on microservices deployment
30,Male,B.Sc+Cert,4.0,Junior,Startup,Tier-2,,1.0,0,1.0,72042,66.0,2023-09-04,Worked on microservices deployment
27,Male,B.Sc,,Junior,SME,Tier-2,6.0,1.0,1,3.0,118918,60.0,2023-09-22,None
26,Male,B.Sc,3.0,Mid,Startup,Tier-3,5.0,1.0,0,5.0,55229,58.0,2024-07-22,Built ML pipeline for preprocessing
31,Male,M.Sc,8.0,Junior,SME,Tier-2,11.0,0.0,0,,115273,63.0,2024-02-29,No relevant project mentioned
28,Male,B.Sc,7.0,Junior,Startup,Remote,5.0,1.0,1,0.0,91052,62.0,2023-02-27,Contributed to open-source NLP repo
39,Male,M.Sc,16.0,Junior,Enterprise,Tier-1,6.0,2.0,0,1.0,185321,69.0,2024-04-28,Built ML pipeline for preprocessing
20,Male,,,Mid,SME,Tier-1,6.0,1.0,0,1.0,53968,,2023-11-20,Worked on microservices deployment
37,Male,M.Sc,11.0,Mid,Enterprise,Tier-1,2.0,0.0,1,0.0,186747,61.0,2023-07-05,Worked on microservices deployment
37,Female,,11.0,Junior,SME,Remote,7.0,2.0,0,1.0,133308,,2024-05-13,Contributed to open-source NLP repo
20,Female,B.Sc,0.0,Lead,SME,Remote,3.0,2.0,0,0.0,76445,,2023-03-03,No relevant project mentioned
28,Male,B.Sc,2.0,Senior,SME,Tier-1,1.0,1.0,0,7.0,81066,,2024-08-15,No relevant project mentioned
28,Male,,3.0,Junior,Enterprise,Tier-2,5.0,0.0,1,4.0,67703,48.0,2023-09-03,Contributed to open-source NLP repo
22,Male,B.Sc,0.0,Junior,SME,Tier-1,4.0,,0,,37724,,2024-05-01,Built ML pipeline for preprocessing
25,Male,B.Sc,0.0,Senior,Startup,Tier-1,7.0,2.0,0,6.0,63748,48.0,2024-01-08,Experience in data cleaning and ETL
23,Male,B.Sc,2.0,Mid,Enterprise,Tier-2,4.0,0.0,1,3.0,62791,70.0,2024-05-29,Contributed to open-source NLP repo
41,Female,B.Sc,16.0,Junior,Startup,Tier-1,4.0,0.0,0,0.0,175937,77.0,2023-02-20,No relevant project mentioned
36,Male,M.Sc,12.0,Mid,Enterprise,Tier-2,4.0,1.0,0,3.0,174555,60.0,2024-09-08,Built ML pipeline for preprocessing
38,Male,,15.0,Senior,Startup,Tier-2,2.0,1.0,1,0.0,167902,42.0,2023-04-09,None
34,Male,B.Sc,11.0,Junior,SME,Tier-3,6.0,2.0,0,0.0,114402,53.0,2023-11-19,None
23,Male,M.Sc,2.0,Senior,Startup,Tier-2,,1.0,0,,83615,53.0,2024-08-14,Contributed to open-source NLP repo
27,Male,M.Sc,4.0,Mid,Enterprise,Tier-2,7.0,2.0,0,0.0,94547,75.0,2024-03-16,Contributed to open-source NLP repo
33,Male,B.Sc,12.0,Mid,SME,Tier-2,4.0,0.0,1,3.0,134863,39.0,2024-02-08,Worked on microservices deployment
23,Male,M.Sc,0.0,Senior,SME,Tier-1,5.0,1.0,1,5.0,71551,59.0,2024-02-21,Built ML pipeline for preprocessing
34,Male,B.Sc,,Junior,Startup,Tier-3,6.0,1.0,1,1.0,131205,59.0,2024-11-13,None
29,Male,B.Sc,8.0,Mid,SME,Tier-1,6.0,0.0,1,0.0,104341,88.0,2023-06-04,Experience in data cleaning and ETL
28,Male,B.Sc,5.0,Mid,Enterprise,Tier-1,6.0,3.0,1,1.0,115123,58.0,2024-06-25,No relevant project mentioned
34,Male,M.Sc,10.0,Mid,SME,Tier-2,6.0,0.0,1,2.0,138097,52.0,2024-09-02,Contributed to open-source NLP repo
33,Female,M.Sc,8.0,Junior,Startup,Remote,,,0,1.0,100667,70.0,2023-05-26,Experience in data cleaning and ETL
28,Male,,7.0,Mid,SME,Tier-1,4.0,1.0,1,6.0,104731,66.0,2023-08-23,Experience in data cleaning and ETL
37,Male,B.Sc,14.0,Junior,SME,Tier-1,9.0,1.0,1,0.0,501270,65.0,2024-04-18,No relevant project mentioned
24,Male,PhD,5.0,Junior,Startup,Tier-1,4.0,2.0,1,7.0,110068,61.0,2024-02-03,None
34,Male,B.Sc,,Junior,Startup,Tier-1,9.0,1.0,0,0.0,110518,67.0,2024-09-02,Contributed to open-source NLP repo
34,Male,B.Sc,10.0,Mid,Enterprise,Tier-2,4.0,2.0,0,1.0,114257,50.0,2024-04-04,Contributed to open-source NLP repo
28,Male,B.Sc+Cert,6.0,Junior,Enterprise,Tier-1,5.0,0.0,1,,88246,71.0,2024-12-02,None
32,Female,,8.0,Mid,Startup,Tier-3,4.0,3.0,0,2.0,103635,62.0,2024-03-08,No relevant project mentioned
22,Male,M.Sc,0.0,Junior,Enterprise,Tier-3,6.0,0.0,1,0.0,43646,71.0,2023-09-14,Contributed to open-source NLP repo
36,Male,M.Sc,11.0,Junior,Startup,Tier-2,,1.0,1,5.0,125853,65.0,2024-12-15,Worked on microservices deployment
29,Male,B.Sc+Cert,5.0,Junior,SME,Tier-2,3.0,2.0,1,,81462,62.0,2024-03-14,Worked on microservices deployment
27,Female,B.Sc,7.0,Junior,SME,Tier-1,7.0,,0,2.0,94208,56.0,2024-06-20,Worked on microservices deployment
36,Male,B.Sc,12.0,Mid,Startup,Tier-1,7.0,2.0,0,0.0,176773,79.0,2023-06-24,No relevant project mentioned
26,Male,B.Sc,3.0,Mid,SME,Tier-2,4.0,2.0,0,1.0,69174,70.0,2024-12-13,Worked on microservices deployment
22,Male,B.Sc+Cert,2.0,Lead,Enterprise,Tier-1,6.0,2.0,1,0.0,141353,56.0,2024-05-05,Contributed to open-source NLP repo
21,Male,M.Sc,0.0,Lead,Enterprise,Tier-2,,1.0,1,7.0,100506,77.0,2023-10-10,No relevant project mentioned
34,Male,B.Sc,11.0,Mid,Startup,Tier-1,,0.0,0,0.0,126468,76.0,2024-08-27,Experience in data cleaning and ETL
22,Male,B.Sc+Cert,0.0,Senior,Startup,Tier-1,7.0,1.0,1,1.0,62636,51.0,2024-07-15,Built ML pipeline for preprocessing
41,Male,B.Sc,22.0,Junior,Enterprise,Tier-1,6.0,0.0,1,1.0,229574,62.0,2023-08-07,Contributed to open-source NLP repo
20,Male,B.Sc,,Mid,Startup,Tier-1,5.0,1.0,1,3.0,41621,61.0,2023-06-05,No relevant project mentioned
40,Male,B.Sc,16.0,Mid,SME,Remote,4.0,2.0,0,0.0,612816,57.0,2023-02-26,Experience in data cleaning and ETL
31,Male,B.Sc,7.0,Junior,Startup,Tier-1,3.0,1.0,0,4.0,85155,58.0,2024-05-25,Built ML pipeline for preprocessing
29,Female,B.Sc+Cert,7.0,Junior,SME,Remote,7.0,2.0,0,1.0,93723,60.0,2023-12-04,Built ML pipeline for preprocessing
27,Male,B.Sc,2.0,Junior,Startup,Tier-2,4.0,3.0,0,1.0,46381,50.0,2024-12-19,Contributed to open-source NLP repo
32,Male,M.Eng,10.0,Mid,Enterprise,Remote,7.0,4.0,1,0.0,160764,56.0,2023-09-29,None
30,Male,M.Sc,8.0,Mid,Enterprise,Tier-2,6.0,1.0,0,2.0,125988,70.0,2024-12-27,Experience in data cleaning and ETL
37,Male,B.Sc,13.0,Mid,Startup,Remote,4.0,0.0,1,1.0,153681,62.0,2023-07-03,Built ML pipeline for preprocessing
31,Female,PhD,8.0,Mid,Enterprise,Tier-1,7.0,0.0,1,0.0,172825,57.0,2023-10-18,Built ML pipeline for preprocessing
31,Male,B.Sc,7.0,Mid,SME,Tier-2,3.0,0.0,0,0.0,93705,62.0,2023-10-29,Built ML pipeline for preprocessing
28,Male,B.Sc,4.0,Senior,Startup,Tier-1,6.0,0.0,1,3.0,104062,78.0,2024-08-01,Worked on microservices deployment
30,Male,B.Sc,8.0,Junior,Enterprise,Tier-2,4.0,0.0,0,0.0,98000,,2023-09-04,Contributed to open-source NLP repo
32,Male,B.Sc+Cert,8.0,Senior,SME,Tier-2,5.0,0.0,1,0.0,130516,,2023-01-16,Contributed to open-source NLP repo
20,Male,,0.0,Mid,Startup,Tier-2,4.0,1.0,0,2.0,36832,49.0,2023-12-01,Built ML pipeline for preprocessing
22,Male,B.Sc,0.0,Mid,Startup,Tier-1,3.0,0.0,1,0.0,42252,47.0,2023-07-30,Worked on microservices deployment
34,Male,B.Sc,,Mid,Enterprise,Tier-1,5.0,,1,1.0,153982,54.0,2024-08-08,Experience in data cleaning and ETL
31,Female,B.Sc,4.0,Mid,Enterprise,Tier-2,5.0,,1,2.0,80939,,2024-01-08,Built ML pipeline for preprocessing
29,Male,M.Sc,10.0,Junior,Enterprise,Tier-2,5.0,0.0,1,1.0,139905,59.0,2024-02-10,Contributed to open-source NLP repo
30,Female,B.Sc,1.0,Mid,Startup,Tier-1,4.0,1.0,0,,56315,48.0,2024-06-13,Worked on microservices deployment
32,Female,B.Sc,8.0,Lead,Enterprise,Remote,3.0,2.0,0,0.0,154551,56.0,2023-01-22,Built ML pipeline for preprocessing
27,Female,B.Sc,6.0,Mid,Startup,Remote,4.0,1.0,0,1.0,74258,67.0,2024-09-09,Built ML pipeline for preprocessing
25,Male,B.Sc,,Junior,Enterprise,Remote,8.0,1.0,0,7.0,51245,86.0,2023-04-29,Contributed to open-source NLP repo
31,Male,,3.0,Junior,Startup,Tier-3,7.0,2.0,1,1.0,58352,48.0,2024-06-11,Experience in data cleaning and ETL
24,Female,B.Sc,1.0,Lead,SME,Tier-1,3.0,2.0,0,3.0,81964,76.0,2023-07-03,Built ML pipeline for preprocessing
32,Male,PhD,10.0,Junior,SME,Remote,4.0,0.0,1,2.0,136618,52.0,2024-05-29,Experience in data cleaning and ETL
20,Male,B.Sc,0.0,Junior,Enterprise,Tier-2,,0.0,1,4.0,38498,63.0,2024-05-06,Contributed to open-source NLP repo
36,Female,B.Sc,12.0,Mid,Enterprise,Tier-1,6.0,1.0,0,3.0,145783,74.0,2024-05-20,Built ML pipeline for preprocessing
33,Female,B.Sc+Cert,12.0,Lead,SME,Tier-3,4.0,0.0,0,0.0,150363,67.0,2024-09-26,Built ML pipeline for preprocessing
32,Male,B.Sc,9.0,Junior,SME,Tier-1,6.0,1.0,1,1.0,131097,63.0,2024-03-12,None
36,Male,M.Sc,11.0,Mid,Enterprise,Tier-2,2.0,1.0,0,5.0,149851,47.0,2023-04-15,None
40,Male,PhD,19.0,Mid,Startup,Tier-1,5.0,1.0,0,2.0,218689,44.0,2023-04-13,Experience in data cleaning and ETL
36,Female,B.Sc,10.0,Junior,Enterprise,Tier-2,7.0,0.0,0,0.0,125739,61.0,2023-07-27,Worked on microservices deployment
20,Female,B.Sc,0.0,Senior,Enterprise,Tier-2,5.0,3.0,1,1.0,72439,52.0,2024-10-22,None
22,Male,M.Sc,0.0,Mid,Startup,Tier-2,3.0,1.0,1,1.0,44752,53.0,2024-12-05,Contributed to open-source NLP repo
26,Male,B.Sc,3.0,Mid,Startup,Tier-1,5.0,2.0,0,,71499,71.0,2023-02-16,Experience in data cleaning and ETL
30,Female,B.Sc,,Senior,SME,Tier-2,6.0,0.0,0,2.0,108807,48.0,2023-10-31,Contributed to open-source NLP repo
33,Male,B.Sc,8.0,Lead,Startup,Tier-2,3.0,0.0,0,2.0,96071,61.0,2023-06-16,Worked on microservices deployment
26,Male,B.Sc,3.0,Mid,SME,Tier-1,,1.0,0,1.0,73881,,2024-05-08,Worked on microservices deployment
31,Female,,7.0,Junior,Enterprise,Remote,5.0,1.0,1,,116166,61.0,2023-03-28,Worked on microservices deployment
25,Male,B.Sc,,Senior,SME,Tier-2,,1.0,0,0.0,377596,44.0,2023-08-14,Built ML pipeline for preprocessing
26,Male,B.Sc,0.0,Mid,Startup,Remote,4.0,2.0,1,1.0,44232,,2023-04-30,No relevant project mentioned
22,Male,M.Sc,0.0,Senior,SME,Tier-1,4.0,0.0,0,0.0,76838,50.0,2023-09-05,Worked on microservices deployment
24,Male,B.Sc,0.0,Senior,SME,Tier-1,,1.0,0,0.0,62369,59.0,2024-05-19,Built ML pipeline for preprocessing
22,Female,B.Sc,1.0,Junior,Enterprise,Tier-1,4.0,0.0,0,1.0,55507,77.0,2023-12-19,Contributed to open-source NLP repo
24,Male,M.Sc,1.0,Lead,Startup,Tier-2,1.0,0.0,1,3.0,76064,57.0,2023-05-24,Built ML pipeline for preprocessing
36,Other,B.Sc,,Mid,SME,Tier-1,4.0,1.0,1,0.0,147893,58.0,2023-12-16,Built ML pipeline for preprocessing
24,Male,,3.0,Mid,Enterprise,Tier-2,3.0,3.0,0,1.0,85917,72.0,2024-05-29,Built ML pipeline for preprocessing
46,Male,B.Sc+Cert,17.0,Junior,SME,Tier-1,6.0,3.0,0,4.0,202192,,2023-11-13,Experience in data cleaning and ETL
33,Male,B.Sc,12.0,Senior,SME,Tier-1,,0.0,1,1.0,168598,68.0,2023-01-26,None
31,Male,B.Sc,10.0,Mid,Startup,Tier-2,6.0,3.0,0,1.0,114304,57.0,2024-06-13,Experience in data cleaning and ETL
25,Male,B.Sc,3.0,Mid,Enterprise,Remote,8.0,1.0,0,5.0,75016,,2023-11-18,Built ML pipeline for preprocessing
34,Male,B.Sc,11.0,Senior,SME,Tier-1,6.0,1.0,0,3.0,166847,55.0,2023-10-23,Built ML pipeline for preprocessing
27,Male,B.Sc+Cert,3.0,Mid,Enterprise,Tier-3,10.0,2.0,0,4.0,81498,64.0,2023-05-11,None
31,Male,B.Sc+Cert,9.0,Mid,Enterprise,Tier-3,6.0,0.0,0,1.0,125544,51.0,2023-01-17,Built ML pipeline for preprocessing
45,Female,B.Sc,25.0,Senior,SME,Tier-2,5.0,1.0,0,7.0,255889,52.0,2024-08-04,Experience in data cleaning and ETL
29,Male,M.Sc,6.0,Mid,SME,Remote,5.0,1.0,0,0.0,97972,54.0,2023-07-04,Contributed to open-source NLP repo
37,Female,B.Sc+Cert,14.0,Senior,Startup,Remote,2.0,2.0,0,6.0,167530,63.0,2023-02-18,Contributed to open-source NLP repo
26,Male,B.Sc+Cert,4.0,Senior,Startup,Tier-1,3.0,1.0,1,,97804,71.0,2023-03-17,Experience in data cleaning and ETL
30,Male,B.Sc,7.0,Mid,Enterprise,Tier-2,2.0,0.0,0,2.0,83259,73.0,2024-06-11,Built ML pipeline for preprocessing
41,Male,B.Sc,13.0,Mid,SME,Tier-2,5.0,1.0,0,2.0,303872,57.0,2023-01-06,Experience in data cleaning and ETL
26,Male,B.Sc,,Junior,SME,Tier-2,1.0,3.0,0,4.0,69948,64.0,2023-02-03,Contributed to open-source NLP repo
41,Male,B.Sc+Cert,18.0,Mid,Enterprise,Tier-1,5.0,1.0,1,1.0,231091,49.0,2023-02-28,No relevant project mentioned
34,Female,B.Sc,11.0,Mid,Startup,Remote,4.0,1.0,0,2.0,131955,50.0,2023-03-08,Contributed to open-source NLP repo
27,Female,M.Sc,4.0,Senior,SME,Tier-3,3.0,1.0,1,5.0,85362,49.0,2023-09-12,Contributed to open-source NLP repo
34,Male,B.Sc,11.0,Junior,SME,Tier-1,5.0,0.0,1,0.0,129920,77.0,2024-02-07,Worked on microservices deployment
36,Male,B.Sc,13.0,Junior,SME,Tier-1,1.0,0.0,1,5.0,125040,60.0,2023-06-06,None
34,Female,B.Sc,10.0,Junior,Enterprise,Remote,10.0,0.0,0,3.0,140384,75.0,2023-02-01,None
21,Male,PhD,5.0,Junior,SME,Tier-1,1.0,0.0,0,3.0,100974,69.0,2023-01-10,None
26,Female,B.Sc,4.0,Mid,SME,Tier-2,13.0,1.0,1,0.0,84596,49.0,2024-12-04,No relevant project mentioned
29,Female,,6.0,Junior,SME,Tier-1,,2.0,0,0.0,105276,65.0,2024-01-10,No relevant project mentioned
30,Female,B.Sc,11.0,Junior,Startup,Tier-1,3.0,0.0,1,6.0,128690,55.0,2023-12-15,None
34,Male,B.Sc,9.0,Junior,SME,Tier-1,8.0,0.0,0,0.0,105087,56.0,2024-08-11,Built ML pipeline for preprocessing
31,Male,B.Sc,7.0,Senior,SME,Tier-1,5.0,1.0,0,2.0,140842,65.0,2024-06-15,No relevant project mentioned
22,Male,B.Sc,0.0,Senior,Enterprise,Tier-1,,1.0,1,4.0,76867,36.0,2023-06-05,No relevant project mentioned
32,Male,B.Sc,9.0,Junior,Enterprise,Tier-2,1.0,1.0,1,0.0,92339,78.0,2023-01-27,No relevant project mentioned
34,Female,B.Sc,,Mid,SME,Tier-2,1.0,0.0,1,,122334,59.0,2023-06-02,No relevant project mentioned
33,Male,B.Sc,12.0,Mid,SME,Tier-1,7.0,,1,0.0,159260,55.0,2023-10-12,Worked on microservices deployment
36,Male,B.Sc,13.0,Junior,Startup,Tier-3,,1.0,1,,128798,66.0,2024-09-19,Built ML pipeline for preprocessing
35,Female,B.Sc+Cert,13.0,Mid,Startup,Tier-2,6.0,1.0,0,1.0,147090,56.0,2023-09-07,None
33,Female,B.Sc+Cert,,Junior,SME,Tier-2,6.0,0.0,0,2.0,108944,65.0,2024-03-04,No relevant project mentioned
30,Female,B.Sc,6.0,Senior,SME,Tier-2,7.0,0.0,0,5.0,87448,65.0,2024-07-10,Contributed to open-source NLP repo
20,Female,M.Sc,,Junior,Startup,Tier-2,3.0,3.0,1,0.0,44415,55.0,2023-10-13,Contributed to open-source NLP repo
33,Male,,12.0,Lead,SME,Remote,6.0,1.0,0,1.0,182142,75.0,2024-05-20,Contributed to open-source NLP repo
31,Male,B.Sc,10.0,Junior,Enterprise,Tier-2,,0.0,1,1.0,119539,57.0,2023-10-21,Worked on microservices deployment
32,Female,M.Eng,,Mid,Startup,Tier-1,1.0,1.0,0,1.0,123466,69.0,2024-03-19,Contributed to open-source NLP repo
22,Male,B.Sc+Cert,0.0,Senior,Enterprise,Tier-3,6.0,0.0,0,2.0,56329,65.0,2023-10-15,Contributed to open-source NLP repo
24,Male,B.Sc,0.0,Junior,Startup,Tier-1,2.0,1.0,1,5.0,37078,72.0,2023-11-02,No relevant project mentioned
36,Male,B.Sc,14.0,Mid,SME,Tier-1,7.0,1.0,0,7.0,153065,58.0,2023-03-12,Contributed to open-source NLP repo
30,Male,B.Sc+Cert,7.0,Mid,Enterprise,Tier-2,3.0,3.0,0,,92880,63.0,2023-06-12,Experience in data cleaning and ETL
34,Female,B.Sc,10.0,Mid,SME,Tier-3,6.0,1.0,0,3.0,123045,55.0,2024-04-25,Worked on microservices deployment
30,Male,B.Sc,6.0,Junior,Enterprise,Tier-1,5.0,2.0,0,,104675,59.0,2024-08-10,No relevant project mentioned
30,Male,B.Sc,,Junior,Startup,Remote,8.0,1.0,0,,134459,62.0,2023-12-09,No relevant project mentioned
36,Male,B.Sc,13.0,Mid,SME,Tier-1,3.0,0.0,0,0.0,137670,47.0,2024-05-31,Built ML pipeline for preprocessing
27,Male,M.Sc,4.0,Mid,SME,Tier-1,,1.0,1,4.0,83277,48.0,2023-04-17,No relevant project mentioned
31,Male,M.Sc,7.0,Mid,SME,Remote,5.0,1.0,0,6.0,109066,46.0,2024-09-22,No relevant project mentioned
27,Male,PhD,2.0,Junior,Enterprise,Tier-2,9.0,3.0,0,5.0,89393,57.0,2024-08-31,None
27,Female,B.Sc,,Junior,Enterprise,Tier-3,3.0,2.0,0,2.0,48335,86.0,2024-11-23,None
28,Male,B.Sc,5.0,Mid,Enterprise,Tier-3,,0.0,0,1.0,81617,48.0,2024-05-12,Experience in data cleaning and ETL
31,Male,B.Sc,7.0,Mid,Startup,Remote,3.0,3.0,0,2.0,94472,73.0,2023-01-01,Built ML pipeline for preprocessing
27,Male,B.Sc,7.0,Mid,SME,Tier-1,3.0,1.0,1,1.0,104822,52.0,2024-08-20,Experience in data cleaning and ETL
38,Male,B.Sc,14.0,Junior,SME,Tier-1,4.0,,1,1.0,146354,52.0,2024-04-20,Built ML pipeline for preprocessing
25,Male,PhD,6.0,Junior,SME,Tier-3,,0.0,1,1.0,100999,55.0,2024-03-28,Worked on microservices deployment
29,Female,B.Sc+Cert,1.0,Junior,Enterprise,Tier-2,2.0,1.0,1,1.0,45105,65.0,2023-03-06,None
27,Male,B.Sc,6.0,Junior,Startup,Tier-2,4.0,3.0,1,1.0,90157,71.0,2024-04-29,Built ML pipeline for preprocessing
39,Female,M.Sc,15.0,Junior,SME,Tier-1,3.0,2.0,1,0.0,181026,58.0,2024-09-06,Built ML pipeline for preprocessing
31,Male,B.Sc,5.0,Mid,SME,Tier-1,,1.0,1,1.0,86442,80.0,2024-02-26,No relevant project mentioned
36,Male,B.Sc,14.0,Mid,Enterprise,Tier-2,,0.0,1,2.0,181411,42.0,2024-06-19,Worked on microservices deployment
21,Male,M.Sc,0.0,Mid,Enterprise,Tier-1,4.0,0.0,1,0.0,66882,55.0,2023-05-31,Contributed to open-source NLP repo
32,Female,B.Sc,10.0,Junior,SME,Tier-1,4.0,2.0,0,4.0,132181,56.0,2024-01-26,Contributed to open-source NLP repo
35,Male,PhD,,Junior,Startup,Tier-1,4.0,1.0,0,2.0,134603,51.0,2024-02-19,Built ML pipeline for preprocessing
30,Male,M.Sc,,Mid,SME,Tier-1,9.0,0.0,0,4.0,103642,66.0,2023-01-07,None
36,Male,B.Sc,14.0,Senior,SME,Tier-3,11.0,0.0,1,0.0,169030,67.0,2024-05-30,Built ML pipeline for preprocessing
27,Male,M.Sc,5.0,Mid,Enterprise,Tier-3,4.0,2.0,0,4.0,102335,66.0,2024-11-24,Built ML pipeline for preprocessing
38,Male,B.Sc,12.0,Mid,SME,Tier-1,4.0,0.0,0,6.0,133432,,2024-04-10,No relevant project mentioned
44,Male,B.Sc,22.0,Senior,SME,Tier-1,2.0,0.0,0,1.0,246269,78.0,2023-04-14,Built ML pipeline for preprocessing
28,Male,B.Sc,6.0,Mid,SME,Tier-2,5.0,2.0,1,1.0,91974,53.0,2024-04-08,Built ML pipeline for preprocessing
27,Male,B.Sc,5.0,Junior,SME,Tier-1,6.0,0.0,0,2.0,75278,70.0,2024-07-17,Worked on microservices deployment
39,Male,M.Sc,16.0,Mid,Enterprise,Tier-3,3.0,1.0,1,2.0,158255,,2024-08-16,Contributed to open-source NLP repo
39,Female,B.Sc,15.0,Junior,Startup,Tier-3,4.0,1.0,1,0.0,143310,67.0,2024-07-13,Contributed to open-source NLP repo
27,Female,M.Sc,,Mid,SME,Remote,2.0,0.0,0,6.0,76385,61.0,2023-12-17,Built ML pipeline for preprocessing
27,Female,M.Sc,5.0,Mid,Enterprise,Tier-2,6.0,1.0,1,2.0,389648,63.0,2024-12-29,No relevant project mentioned
28,Male,B.Sc,5.0,Senior,Startup,Tier-1,8.0,1.0,1,3.0,98218,44.0,2024-01-01,None
22,Male,M.Eng,0.0,Junior,Enterprise,Tier-2,6.0,0.0,0,1.0,50766,68.0,2023-07-01,Built ML pipeline for preprocessing
24,Male,B.Sc,5.0,Mid,SME,Tier-1,6.0,1.0,0,1.0,88804,64.0,2023-08-31,None
24,Male,B.Sc,2.0,Mid,SME,Tier-1,6.0,0.0,0,0.0,67251,76.0,2023-08-08,Built ML pipeline for preprocessing
25,Male,B.Sc,3.0,Senior,Startup,Tier-1,5.0,0.0,0,1.0,88061,61.0,2023-07-27,None
30,Male,B.Sc,4.0,Senior,SME,Tier-2,2.0,4.0,1,7.0,85436,,2024-09-30,None
31,Male,B.Sc,8.0,Lead,SME,Tier-1,,2.0,0,3.0,134004,55.0,2023-07-01,None
39,Male,M.Sc,19.0,Junior,Startup,Tier-1,1.0,3.0,1,4.0,183729,38.0,2024-03-04,Experience in data cleaning and ETL
24,Female,B.Sc,,Mid,SME,Tier-2,5.0,1.0,0,6.0,39102,,2023-02-04,Contributed to open-source NLP repo
36,Male,B.Sc,13.0,Junior,Startup,Remote,3.0,2.0,1,0.0,132511,52.0,2024-11-05,Built ML pipeline for preprocessing
29,Male,B.Sc+Cert,5.0,Junior,SME,Tier-1,6.0,0.0,0,,96154,53.0,2024-02-25,No relevant project mentioned
30,Male,M.Sc,8.0,Senior,Enterprise,Tier-2,3.0,3.0,1,6.0,150367,,2023-07-22,Worked on microservices deployment
34,Male,B.Sc+Cert,10.0,Lead,Startup,Tier-1,3.0,0.0,0,2.0,146464,70.0,2023-06-11,Experience in data cleaning and ETL
23,Male,B.Sc,0.0,Junior,Startup,Remote,6.0,0.0,0,2.0,33554,52.0,2024-02-12,Built ML pipeline for preprocessing
32,Female,M.Sc,7.0,Junior,Enterprise,Tier-1,8.0,0.0,0,1.0,116067,,2023-12-15,Worked on microservices deployment
31,Female,B.Sc+Cert,10.0,Junior,SME,Remote,4.0,0.0,0,4.0,129471,,2023-01-04,None
33,Male,M.Sc,,Senior,Startup,Tier-1,5.0,1.0,0,2.0,140461,40.0,2023-12-27,Built ML pipeline for preprocessing
32,Female,M.Sc,12.0,Junior,SME,Tier-3,4.0,0.0,0,4.0,143302,69.0,2024-08-12,Worked on microservices deployment
45,Other,B.Sc,21.0,Junior,Startup,Tier-1,6.0,1.0,0,7.0,209511,56.0,2024-10-25,Built ML pipeline for preprocessing
26,Female,B.Sc,,Junior,Startup,Tier-1,3.0,0.0,1,2.0,44404,65.0,2023-12-24,Built ML pipeline for preprocessing
27,Female,B.Sc,4.0,Mid,Enterprise,Tier-1,5.0,1.0,1,2.0,96411,48.0,2024-09-19,Worked on microservices deployment
26,Male,B.Sc,0.0,Senior,Enterprise,Tier-1,3.0,3.0,1,1.0,90513,,2023-02-05,Built ML pipeline for preprocessing
27,Male,B.Sc+Cert,5.0,Junior,SME,Tier-3,7.0,0.0,1,0.0,85361,62.0,2023-12-01,Built ML pipeline for preprocessing
26,Male,B.Sc,2.0,Mid,Startup,Tier-2,4.0,1.0,1,3.0,56736,52.0,2023-10-18,None
37,Male,B.Sc+Cert,12.0,Junior,Startup,Tier-2,6.0,1.0,0,0.0,127523,44.0,2023-10-12,No relevant project mentioned
39,Other,B.Sc+Cert,17.0,Mid,Enterprise,Remote,6.0,4.0,0,6.0,220798,,2023-02-05,Contributed to open-source NLP repo
27,Male,B.Sc,5.0,Mid,Startup,Tier-2,3.0,1.0,0,2.0,71404,,2023-11-20,No relevant project mentioned
25,Female,B.Sc,0.0,Junior,SME,Remote,4.0,5.0,0,6.0,49878,55.0,2024-04-07,Built ML pipeline for preprocessing
33,Female,B.Sc+Cert,10.0,Junior,Startup,Tier-1,11.0,4.0,0,1.0,126641,43.0,2024-01-30,Worked on microservices deployment
27,Female,B.Sc+Cert,7.0,Senior,SME,Remote,7.0,0.0,0,6.0,119800,56.0,2024-07-20,None
34,Other,B.Sc,11.0,Junior,Startup,Tier-1,3.0,0.0,0,2.0,127921,64.0,2023-02-18,Built ML pipeline for preprocessing
31,Male,B.Sc,8.0,Mid,SME,Tier-2,2.0,,0,4.0,84252,45.0,2024-04-07,Contributed to open-source NLP repo
21,Male,B.Sc,0.0,Mid,Enterprise,Tier-2,4.0,1.0,1,0.0,54027,,2023-11-09,Contributed to open-source NLP repo
39,Male,M.Sc,16.0,Junior,SME,Tier-2,11.0,,0,2.0,179782,36.0,2023-12-21,Contributed to open-source NLP repo
41,Male,B.Sc,18.0,Mid,Startup,Tier-2,7.0,1.0,0,2.0,176191,58.0,2023-12-09,Experience in data cleaning and ETL
26,Male,M.Sc,5.0,Senior,Enterprise,Tier-1,,1.0,0,1.0,135998,,2023-02-24,Experience in data cleaning and ETL
28,Male,B.Sc,5.0,Mid,Startup,Remote,4.0,2.0,0,1.0,75804,55.0,2023-11-08,Experience in data cleaning and ETL
32,Female,B.Sc,,Junior,SME,Remote,6.0,1.0,0,5.0,73106,77.0,2023-09-17,Contributed to open-source NLP repo
32,Male,B.Sc,10.0,Mid,SME,Remote,8.0,1.0,0,0.0,126266,69.0,2024-10-03,Experience in data cleaning and ETL
34,Male,B.Sc,15.0,Mid,Startup,Remote,4.0,1.0,0,0.0,146609,59.0,2023-03-29,Contributed to open-source NLP repo
42,Male,B.Sc,15.0,Mid,SME,Tier-3,7.0,3.0,0,1.0,169112,73.0,2023-11-16,Worked on microservices deployment
29,Male,B.Sc,7.0,Mid,Enterprise,Remote,9.0,0.0,0,5.0,435604,48.0,2024-01-25,Worked on microservices deployment
25,Male,B.Sc,5.0,Junior,Enterprise,Remote,5.0,2.0,0,2.0,93089,49.0,2023-09-27,Built ML pipeline for preprocessing
22,Female,B.Sc,,Mid,SME,Tier-2,6.0,2.0,0,1.0,42073,59.0,2024-04-04,No relevant project mentioned
26,Male,B.Sc,2.0,Mid,Startup,Tier-3,2.0,4.0,1,1.0,47358,,2023-12-27,Worked on microservices deployment
30,Female,PhD,9.0,Junior,SME,Remote,4.0,1.0,0,4.0,124577,,2023-05-06,Built ML pipeline for preprocessing
41,Male,B.Sc,16.0,Mid,SME,Tier-3,4.0,1.0,0,0.0,147797,60.0,2023-07-04,Experience in data cleaning and ETL
27,Female,B.Sc,8.0,Junior,SME,Tier-2,8.0,0.0,0,,98904,53.0,2023-12-31,No relevant project mentioned
31,Male,M.Sc,11.0,Junior,SME,Tier-1,,0.0,0,0.0,131240,55.0,2024-06-25,Contributed to open-source NLP repo
30,Male,PhD,4.0,Lead,SME,Tier-3,9.0,1.0,1,1.0,111339,58.0,2024-12-20,Worked on microservices deployment
37,Male,B.Sc,13.0,Junior,Startup,Remote,8.0,0.0,0,2.0,124759,53.0,2023-01-08,None
45,Female,M.Sc,,Junior,Startup,Tier-1,5.0,4.0,0,2.0,256410,68.0,2024-10-15,Worked on microservices deployment
27,Male,M.Sc,5.0,Mid,SME,Tier-1,5.0,2.0,0,3.0,112773,59.0,2024-12-24,Built ML pipeline for preprocessing
27,Male,M.Sc,,Lead,SME,Tier-1,8.0,1.0,1,0.0,149222,,2024-02-18,Contributed to open-source NLP repo
36,Other,B.Sc,11.0,Lead,Enterprise,Tier-2,9.0,0.0,1,1.0,163338,51.0,2023-05-12,Worked on microservices deployment
34,Female,M.Sc,,Mid,SME,Tier-1,6.0,1.0,1,0.0,202503,52.0,2023-12-22,None
41,Male,B.Sc,16.0,Junior,Enterprise,Tier-2,8.0,1.0,0,0.0,172197,68.0,2023-11-19,Worked on microservices deployment
34,Female,M.Sc,12.0,Senior,Enterprise,Remote,4.0,2.0,1,,185439,61.0,2023-04-12,Built ML pipeline for preprocessing
28,Male,M.Sc,6.0,Mid,Enterprise,Tier-2,3.0,0.0,0,2.0,108293,,2024-04-10,No relevant project mentioned
34,Male,B.Sc,4.0,Mid,Startup,Tier-1,4.0,0.0,1,1.0,77807,56.0,2024-03-04,No relevant project mentioned
37,Male,M.Eng,16.0,Senior,Enterprise,Remote,6.0,1.0,1,3.0,226067,75.0,2023-03-16,Built ML pipeline for preprocessing
35,Female,B.Sc,15.0,Mid,Startup,Tier-2,8.0,1.0,1,2.0,152721,,2023-04-10,No relevant project mentioned
33,Female,M.Eng,11.0,Junior,Startup,Tier-1,5.0,1.0,0,0.0,112515,,2023-08-24,Built ML pipeline for preprocessing
36,Male,B.Sc,18.0,Senior,SME,Tier-2,6.0,1.0,1,1.0,200757,59.0,2023-09-26,None
37,Male,B.Sc,17.0,Mid,Startup,Tier-2,7.0,1.0,0,2.0,149108,55.0,2024-07-20,Built ML pipeline for preprocessing
38,Male,B.Sc,15.0,Junior,Startup,Tier-3,5.0,0.0,0,5.0,138368,,2023-09-11,Built ML pipeline for preprocessing
34,Other,B.Sc+Cert,12.0,Junior,Startup,Remote,10.0,0.0,1,4.0,131240,64.0,2024-12-27,Contributed to open-source NLP repo
29,Other,B.Sc,4.0,Mid,Startup,Tier-1,2.0,2.0,0,1.0,70462,65.0,2023-11-25,Worked on microservices deployment
31,Male,B.Sc,9.0,Junior,SME,Tier-1,6.0,0.0,0,2.0,116630,41.0,2023-10-26,Built ML pipeline for preprocessing
37,Female,B.Sc,17.0,Junior,Startup,Tier-1,4.0,0.0,0,1.0,165919,54.0,2024-01-05,No relevant project mentioned
25,Female,M.Sc,3.0,Mid,SME,Tier-3,8.0,0.0,1,2.0,75872,62.0,2024-11-01,Contributed to open-source NLP repo
32,Male,B.Sc,11.0,Senior,Enterprise,Tier-3,2.0,0.0,0,5.0,116708,37.0,2023-09-16,Experience in data cleaning and ETL
28,Male,B.Sc,9.0,Mid,SME,Tier-2,4.0,0.0,0,2.0,117846,50.0,2023-08-16,Built ML pipeline for preprocessing
30,Male,B.Sc,6.0,Senior,SME,Tier-1,4.0,0.0,1,1.0,121231,68.0,2024-01-12,Worked on microservices deployment
38,Male,B.Sc,15.0,Senior,Enterprise,Remote,7.0,1.0,0,2.0,193373,76.0,2023-05-25,No relevant project mentioned
31,Male,B.Sc,8.0,Mid,Startup,Remote,8.0,1.0,0,5.0,124841,75.0,2023-03-21,Worked on microservices deployment
30,Male,B.Sc,6.0,Junior,SME,Tier-1,5.0,1.0,1,0.0,97602,54.0,2023-02-08,Worked on microservices deployment
22,Female,M.Sc,0.0,Senior,Enterprise,Tier-3,5.0,0.0,0,2.0,65491,66.0,2024-12-06,Contributed to open-source NLP repo
34,Male,B.Sc,12.0,Mid,Enterprise,Tier-2,4.0,3.0,0,1.0,166849,,2024-12-09,None
34,Male,B.Sc,11.0,Junior,SME,Tier-1,8.0,2.0,0,0.0,136110,44.0,2023-04-07,Contributed to open-source NLP repo
43,Male,B.Sc,20.0,Junior,Startup,Tier-1,5.0,,1,1.0,184299,61.0,2023-09-03,Experience in data cleaning and ETL
28,Male,PhD,5.0,Senior,Enterprise,Tier-1,4.0,1.0,1,1.0,174685,67.0,2023-11-29,No relevant project mentioned
31,Male,B.Sc+Cert,9.0,Junior,Startup,Tier-1,6.0,0.0,1,0.0,126681,56.0,2024-08-10,No relevant project mentioned
31,Male,M.Eng,12.0,Junior,SME,Tier-2,2.0,1.0,0,1.0,119343,68.0,2024-02-07,Experience in data cleaning and ETL
39,Male,B.Sc,20.0,Mid,SME,Tier-1,,0.0,0,2.0,203064,53.0,2023-10-05,Contributed to open-source NLP repo
29,Male,B.Sc,7.0,Senior,SME,Tier-1,7.0,1.0,0,,118487,41.0,2023-01-08,No relevant project mentioned
32,Male,B.Sc,8.0,Mid,Enterprise,Tier-2,4.0,,1,7.0,104793,61.0,2023-12-30,Built ML pipeline for preprocessing
34,Male,B.Sc,9.0,Junior,Enterprise,Tier-1,7.0,0.0,0,1.0,119637,53.0,2024-03-27,Contributed to open-source NLP repo
31,Female,B.Sc,9.0,Junior,Enterprise,Tier-3,3.0,1.0,0,2.0,98052,55.0,2024-12-11,Experience in data cleaning and ETL
27,Male,M.Sc,2.0,Mid,Startup,Tier-2,7.0,1.0,1,1.0,68822,52.0,2023-09-09,Experience in data cleaning and ETL
31,Male,,8.0,Junior,SME,Tier-2,2.0,1.0,1,1.0,104409,72.0,2023-01-18,Built ML pipeline for preprocessing
36,Female,M.Eng,12.0,Mid,Enterprise,Remote,3.0,1.0,1,2.0,172306,50.0,2024-01-25,Built ML pipeline for preprocessing
24,Male,B.Sc,3.0,Junior,SME,Tier-1,5.0,0.0,0,2.0,64674,47.0,2023-08-30,No relevant project mentioned
31,Male,M.Sc,6.0,Senior,Enterprise,Tier-2,4.0,0.0,0,4.0,140865,52.0,2023-09-10,Built ML pipeline for preprocessing
26,Female,B.Sc,4.0,Mid,Enterprise,Tier-1,5.0,,0,4.0,430108,48.0,2023-01-04,Experience in data cleaning and ETL
37,Male,B.Sc,12.0,Junior,SME,Remote,6.0,0.0,1,2.0,142832,65.0,2024-01-08,No relevant project mentioned
21,Male,M.Sc,0.0,Senior,Startup,Tier-3,4.0,1.0,1,0.0,47572,,2024-02-29,Worked on microservices deployment
27,Female,,3.0,Junior,SME,Tier-1,7.0,0.0,1,2.0,70543,62.0,2023-06-28,None
32,Female,B.Sc,10.0,Junior,Enterprise,Tier-2,5.0,3.0,0,2.0,125309,76.0,2023-01-12,No relevant project mentioned
39,Female,B.Sc,12.0,Senior,SME,Tier-1,7.0,0.0,1,0.0,173504,57.0,2023-10-20,Worked on microservices deployment
30,Male,M.Sc,8.0,Junior,Enterprise,Remote,7.0,1.0,0,0.0,114431,63.0,2023-09-16,Contributed to open-source NLP repo
27,Male,M.Sc,,Mid,SME,Tier-1,3.0,0.0,1,1.0,126504,43.0,2024-03-04,None
41,Male,B.Sc,19.0,Junior,SME,Tier-3,4.0,0.0,0,1.0,179571,42.0,2024-08-19,Worked on microservices deployment
21,Male,M.Eng,0.0,Junior,SME,Tier-1,7.0,,0,2.0,53396,60.0,2023-10-22,None
20,Male,B.Sc,0.0,Junior,SME,Tier-2,6.0,1.0,0,3.0,35472,62.0,2023-11-29,Contributed to open-source NLP repo
33,Male,B.Sc,5.0,Mid,Enterprise,Remote,5.0,0.0,0,1.0,104966,50.0,2023-04-22,Worked on microservices deployment
27,Female,M.Sc,0.0,Mid,Startup,Remote,3.0,1.0,0,6.0,58321,71.0,2023-07-25,Built ML pipeline for preprocessing
24,Male,M.Sc,2.0,Junior,Startup,Tier-1,6.0,3.0,0,0.0,66220,48.0,2023-08-10,Contributed to open-source NLP repo
34,Male,PhD,14.0,Junior,Enterprise,Tier-2,6.0,1.0,0,0.0,163817,51.0,2024-06-13,Built ML pipeline for preprocessing
31,Male,B.Sc,4.0,Senior,Startup,Tier-1,6.0,,0,2.0,88717,68.0,2023-01-13,Built ML pipeline for preprocessing
27,Male,M.Sc,4.0,Lead,SME,Tier-2,5.0,1.0,1,5.0,121433,82.0,2023-09-27,Worked on microservices deployment
22,Male,M.Sc,0.0,Mid,Startup,Tier-1,3.0,0.0,0,3.0,51578,53.0,2024-07-06,Experience in data cleaning and ETL
35,Male,B.Sc+Cert,11.0,Senior,Startup,Tier-1,4.0,,1,3.0,152199,53.0,2023-02-09,None
34,Male,B.Sc,9.0,Mid,SME,Tier-2,6.0,1.0,1,4.0,116842,65.0,2024-05-19,Built ML pipeline for preprocessing
29,Male,M.Sc,4.0,Junior,Enterprise,Tier-1,8.0,1.0,0,3.0,108791,61.0,2024-08-23,Worked on microservices deployment
41,Female,,19.0,Junior,Startup,Tier-2,1.0,2.0,0,3.0,181790,53.0,2024-09-04,Worked on microservices deployment
24,Female,,1.0,Junior,Startup,Tier-1,3.0,0.0,0,5.0,42150,45.0,2023-08-03,None
21,Male,B.Sc,0.0,Senior,Startup,Tier-1,4.0,0.0,0,,46069,61.0,2023-10-31,Contributed to open-source NLP repo
26,Male,B.Sc,0.0,Mid,SME,Tier-3,8.0,2.0,1,5.0,42656,65.0,2024-06-05,No relevant project mentioned
30,Female,M.Sc,10.0,Mid,Startup,Tier-1,7.0,0.0,0,0.0,138901,50.0,2024-12-29,Worked on microservices deployment
31,Female,B.Sc+Cert,9.0,Junior,SME,Tier-1,5.0,1.0,0,5.0,116667,53.0,2023-05-01,Worked on microservices deployment
29,Male,M.Sc,7.0,Mid,Enterprise,Tier-2,,0.0,0,1.0,134502,70.0,2023-11-06,None
32,Female,M.Sc,7.0,Senior,SME,Tier-2,,0.0,0,1.0,120484,83.0,2024-11-05,None
22,Male,B.Sc,0.0,Senior,Startup,Tier-2,9.0,1.0,1,6.0,58837,53.0,2024-10-25,Built ML pipeline for preprocessing
39,Female,B.Sc,17.0,Junior,SME,Tier-1,7.0,1.0,0,0.0,187011,69.0,2023-11-01,No relevant project mentioned
30,Other,B.Sc,9.0,Mid,Enterprise,Tier-1,5.0,1.0,0,3.0,125807,64.0,2024-03-01,Contributed to open-source NLP repo
37,Male,B.Sc,13.0,Junior,SME,Remote,8.0,0.0,0,1.0,141389,69.0,2024-04-03,Contributed to open-source NLP repo
32,Female,B.Sc,9.0,Mid,SME,Remote,4.0,0.0,1,0.0,117565,63.0,2024-08-18,None
33,Male,B.Sc,8.0,Mid,SME,Tier-1,6.0,1.0,0,6.0,128825,46.0,2023-07-21,Built ML pipeline for preprocessing
33,Female,B.Sc,,Junior,Startup,Tier-2,4.0,0.0,0,0.0,120369,,2024-07-15,Worked on microservices deployment
33,Male,B.Sc,10.0,Senior,SME,Tier-1,5.0,1.0,0,4.0,143535,61.0,2024-10-22,Experience in data cleaning and ETL
34,Female,B.Sc,13.0,Junior,Enterprise,Tier-1,4.0,1.0,0,,147920,48.0,2024-02-16,Built ML pipeline for preprocessing
38,Male,B.Sc,16.0,Senior,SME,Tier-1,4.0,0.0,1,4.0,194807,66.0,2023-08-08,None
31,Male,B.Sc,8.0,Junior,SME,Tier-2,2.0,1.0,0,3.0,99747,63.0,2023-06-04,Worked on microservices deployment
34,Male,B.Sc+Cert,11.0,Mid,SME,Tier-1,6.0,1.0,1,2.0,156565,54.0,2024-08-31,Worked on microservices deployment
29,Female,B.Sc+Cert,7.0,Senior,Startup,Remote,8.0,0.0,0,6.0,109534,48.0,2023-11-20,Experience in data cleaning and ETL
39,Female,M.Sc,16.0,Junior,Startup,Tier-2,5.0,2.0,0,,139924,46.0,2024-09-02,Worked on microservices deployment
26,Female,B.Sc,4.0,Mid,Enterprise,Tier-1,9.0,0.0,1,4.0,102615,54.0,2023-12-06,Contributed to open-source NLP repo
41,Female,M.Sc,18.0,Mid,Enterprise,Tier-3,5.0,,0,3.0,199237,63.0,2024-01-25,No relevant project mentioned
30,Male,M.Eng,6.0,Junior,Enterprise,Tier-1,2.0,0.0,1,1.0,111445,56.0,2023-07-05,Built ML pipeline for preprocessing
21,Male,M.Sc,,Mid,Enterprise,Tier-2,,1.0,0,2.0,78609,57.0,2023-05-14,No relevant project mentioned
31,Male,B.Sc,11.0,Mid,SME,Tier-1,5.0,,1,2.0,144116,51.0,2023-05-27,Built ML pipeline for preprocessing
26,Male,M.Sc,7.0,Senior,Startup,Tier-1,1.0,0.0,0,3.0,99877,65.0,2023-04-23,Worked on microservices deployment
35,Male,M.Eng,13.0,Senior,SME,Tier-1,5.0,1.0,0,,191320,78.0,2024-06-12,Worked on microservices deployment
26,Male,M.Sc,,Mid,Startup,Tier-1,4.0,0.0,0,0.0,77431,68.0,2024-03-08,Built ML pipeline for preprocessing
27,Male,M.Sc,3.0,Mid,Enterprise,Tier-1,,1.0,0,0.0,114054,62.0,2024-01-22,Contributed to open-source NLP repo
20,Male,B.Sc,0.0,Senior,Enterprise,Tier-1,,2.0,1,1.0,84021,78.0,2024-01-01,Contributed to open-source NLP repo
27,Male,B.Sc,7.0,Mid,Enterprise,Remote,3.0,0.0,0,0.0,102073,,2023-02-03,No relevant project mentioned
20,Male,B.Sc,0.0,Junior,SME,Tier-1,5.0,0.0,1,2.0,38571,61.0,2023-03-03,Worked on microservices deployment
20,Female,M.Sc,0.0,Mid,Startup,Tier-1,4.0,1.0,0,1.0,50413,65.0,2024-03-19,No relevant project mentioned
35,Female,B.Sc,11.0,Senior,Startup,Remote,,2.0,0,5.0,138971,52.0,2023-07-15,None
35,Female,B.Sc,16.0,Mid,SME,Tier-2,3.0,1.0,1,3.0,171468,66.0,2023-03-28,Experience in data cleaning and ETL
33,Male,B.Sc,9.0,Mid,SME,Tier-2,4.0,1.0,1,0.0,105033,76.0,2024-09-26,Experience in data cleaning and ETL
24,Male,B.Sc,,Junior,SME,Tier-1,4.0,2.0,0,0.0,43221,59.0,2023-09-11,Worked on microservices deployment
30,Female,B.Sc,6.0,Lead,Enterprise,Tier-2,4.0,2.0,1,3.0,143023,74.0,2023-05-07,No relevant project mentioned
30,Male,M.Sc,8.0,Mid,Enterprise,Tier-1,7.0,3.0,1,4.0,165831,80.0,2023-06-11,Experience in data cleaning and ETL
23,Male,M.Sc,1.0,Mid,Startup,Tier-2,4.0,2.0,1,3.0,55229,,2023-11-12,Worked on microservices deployment
39,Male,B.Sc,16.0,Junior,Startup,Remote,5.0,2.0,1,,165628,51.0,2023-06-21,Worked on microservices deployment
35,Male,B.Sc,11.0,Junior,SME,Tier-2,5.0,2.0,1,0.0,120656,42.0,2024-02-03,Built ML pipeline for preprocessing
29,Male,B.Sc,5.0,Senior,Startup,Tier-1,4.0,0.0,0,2.0,83482,50.0,2023-11-27,Worked on microservices deployment
30,Male,B.Sc+Cert,,Lead,Enterprise,Tier-2,9.0,1.0,1,3.0,168095,80.0,2023-12-25,None
31,Male,B.Sc,4.0,Junior,SME,Tier-2,7.0,,0,0.0,58864,58.0,2023-09-09,Experience in data cleaning and ETL
20,Male,,0.0,Junior,Startup,Tier-2,3.0,1.0,0,2.0,23238,,2023-01-09,Experience in data cleaning and ETL
29,Male,B.Sc,8.0,Mid,SME,Tier-2,6.0,2.0,0,0.0,112170,61.0,2023-08-27,Built ML pipeline for preprocessing
26,Female,M.Sc,3.0,Junior,SME,Tier-2,10.0,1.0,1,2.0,76844,66.0,2023-02-04,Worked on microservices deployment
24,Male,B.Sc+Cert,3.0,Junior,Enterprise,Tier-2,10.0,0.0,0,2.0,79355,,2024-09-07,Built ML pipeline for preprocessing
28,Male,M.Eng,9.0,Senior,Startup,Remote,,2.0,1,2.0,154708,60.0,2024-01-18,Experience in data cleaning and ETL
41,Female,M.Sc,21.0,Senior,Enterprise,Tier-3,7.0,0.0,0,1.0,239509,63.0,2024-10-30,Contributed to open-source NLP repo
34,Male,B.Sc,10.0,Junior,SME,Tier-1,4.0,1.0,0,2.0,111316,47.0,2024-11-16,Experience in data cleaning and ETL
27,Male,B.Sc,2.0,Mid,Enterprise,Tier-3,7.0,0.0,0,7.0,54995,47.0,2024-12-10,Experience in data cleaning and ETL
33,Male,B.Sc,10.0,Junior,Startup,Tier-1,2.0,0.0,0,2.0,101213,46.0,2024-12-23,Built ML pipeline for preprocessing
38,Male,B.Sc,12.0,Junior,SME,Tier-3,5.0,1.0,1,3.0,131191,50.0,2024-12-30,Worked on microservices deployment
36,Male,,10.0,Junior,SME,Tier-1,4.0,3.0,0,0.0,116925,54.0,2023-07-20,Worked on microservices deployment
30,Female,B.Sc,,Mid,SME,Tier-2,,2.0,1,2.0,89577,46.0,2023-08-21,Contributed to open-source NLP repo
26,Male,B.Sc,3.0,Junior,Enterprise,Tier-3,,1.0,0,0.0,60987,51.0,2024-09-19,Experience in data cleaning and ETL
34,Male,,13.0,Mid,SME,Tier-1,3.0,2.0,1,0.0,173841,,2024-05-10,Built ML pipeline for preprocessing
32,Male,M.Sc,10.0,Junior,Enterprise,Tier-3,5.0,0.0,1,1.0,116687,70.0,2023-03-18,Experience in data cleaning and ETL
35,Male,M.Eng,15.0,Junior,Startup,Tier-2,5.0,1.0,0,1.0,157265,68.0,2023-08-06,Contributed to open-source NLP repo
34,Male,M.Sc,12.0,Junior,Enterprise,Tier-1,4.0,2.0,0,2.0,178039,,2024-01-09,Worked on microservices deployment
36,Male,B.Sc,10.0,Senior,Startup,Tier-2,6.0,0.0,0,,133903,64.0,2023-02-22,None
27,Male,M.Sc,6.0,Mid,Enterprise,Remote,,0.0,0,4.0,107600,62.0,2024-08-18,Contributed to open-source NLP repo
38,Male,B.Sc,19.0,Senior,Enterprise,Tier-1,4.0,0.0,0,1.0,256571,58.0,2023-09-15,Worked on microservices deployment
31,Male,M.Sc,8.0,Mid,SME,Tier-2,5.0,4.0,1,3.0,132835,64.0,2023-05-12,No relevant project mentioned
42,Male,B.Sc,23.0,Junior,SME,Tier-3,5.0,5.0,1,2.0,253800,,2024-12-11,No relevant project mentioned
26,Female,PhD,3.0,Mid,SME,Remote,5.0,1.0,0,4.0,93039,,2024-01-30,Contributed to open-source NLP repo
40,Male,B.Sc,18.0,Junior,Startup,Tier-3,4.0,3.0,1,,163784,,2024-08-17,Worked on microservices deployment
31,Male,B.Sc,9.0,Mid,SME,Tier-2,2.0,0.0,0,0.0,108377,,2023-09-06,None
26,Male,B.Sc+Cert,7.0,Junior,SME,Remote,5.0,1.0,0,2.0,86052,,2024-02-02,Built ML pipeline for preprocessing
27,Female,B.Sc,5.0,Junior,Enterprise,Tier-3,4.0,0.0,0,2.0,76556,,2023-03-10,Worked on microservices deployment
28,Male,M.Sc,4.0,Mid,Enterprise,Tier-3,7.0,1.0,0,6.0,84136,43.0,2024-10-15,None
33,Male,M.Sc,15.0,Mid,Enterprise,Tier-1,9.0,0.0,0,0.0,208081,69.0,2024-02-27,None
33,Female,M.Eng,10.0,Lead,SME,Tier-1,4.0,1.0,0,3.0,218883,62.0,2024-10-13,Built ML pipeline for preprocessing
27,Female,PhD,3.0,Mid,Enterprise,Tier-2,8.0,0.0,1,2.0,101134,52.0,2023-12-06,None
30,Male,PhD,7.0,Mid,SME,Tier-2,5.0,1.0,1,1.0,121909,53.0,2024-01-09,No relevant project mentioned
43,Male,B.Sc,20.0,Junior,SME,Tier-1,7.0,0.0,1,4.0,197339,65.0,2023-10-01,Worked on microservices deployment
40,Female,M.Eng,19.0,Lead,SME,Tier-1,2.0,,0,4.0,255186,54.0,2023-09-14,Worked on microservices deployment
33,Other,M.Sc,7.0,Mid,Enterprise,Tier-2,3.0,3.0,0,3.0,119093,63.0,2024-05-30,Worked on microservices deployment
30,Female,M.Sc,8.0,Mid,Enterprise,Tier-1,4.0,4.0,0,0.0,159599,64.0,2023-09-25,Contributed to open-source NLP repo
31,Male,B.Sc,11.0,Junior,SME,Tier-1,10.0,0.0,1,1.0,146314,59.0,2023-12-23,Experience in data cleaning and ETL
34,Male,,12.0,Mid,Enterprise,Tier-1,7.0,1.0,0,0.0,174155,68.0,2023-11-04,Worked on microservices deployment
24,Male,PhD,0.0,Junior,SME,Tier-3,7.0,4.0,0,1.0,51450,43.0,2024-08-24,Contributed to open-source NLP repo
28,Female,B.Sc+Cert,4.0,Mid,Enterprise,Tier-2,4.0,1.0,0,,83688,38.0,2024-06-10,Worked on microservices deployment
20,Male,B.Sc,0.0,Senior,SME,Tier-1,7.0,0.0,1,2.0,76278,68.0,2024-10-09,Worked on microservices deployment
32,Male,B.Sc,11.0,Lead,Startup,Tier-1,3.0,1.0,0,3.0,123501,55.0,2024-11-24,Worked on microservices deployment
34,Female,B.Sc,9.0,Mid,SME,Tier-2,5.0,3.0,1,2.0,113702,64.0,2024-05-05,No relevant project mentioned
27,Male,,2.0,Senior,SME,Tier-3,,3.0,0,2.0,78973,61.0,2024-09-30,Worked on microservices deployment
39,Female,M.Sc,16.0,Junior,SME,Tier-2,2.0,2.0,1,2.0,183321,54.0,2024-09-29,Built ML pipeline for preprocessing
23,Male,B.Sc,0.0,Senior,SME,Tier-1,5.0,1.0,0,1.0,71731,,2024-12-07,Contributed to open-source NLP repo
21,Male,B.Sc,0.0,Mid,SME,Tier-2,11.0,0.0,1,1.0,50520,65.0,2023-07-17,Contributed to open-source NLP repo
31,Male,B.Sc,3.0,Mid,Enterprise,Remote,,0.0,0,0.0,76176,,2023-12-17,Worked on microservices deployment
36,Female,B.Sc,15.0,Senior,Enterprise,Tier-1,10.0,3.0,0,4.0,208944,55.0,2023-08-06,Built ML pipeline for preprocessing
40,Male,B.Sc+Cert,17.0,Senior,SME,Tier-2,6.0,1.0,0,5.0,209643,67.0,2023-01-08,None
27,Male,M.Sc,2.0,Junior,Enterprise,Tier-1,9.0,0.0,0,3.0,77398,58.0,2023-08-19,Built ML pipeline for preprocessing
36,Female,B.Sc,,Senior,SME,Tier-1,5.0,2.0,1,2.0,165307,73.0,2024-12-03,Contributed to open-source NLP repo
30,Male,B.Sc,8.0,Junior,Enterprise,Tier-1,3.0,0.0,1,2.0,109900,55.0,2023-04-03,Built ML pipeline for preprocessing
29,Male,B.Sc,6.0,Senior,SME,Tier-2,6.0,0.0,1,2.0,113363,46.0,2024-10-18,Worked on microservices deployment
35,Male,PhD,14.0,Mid,Startup,Tier-1,6.0,1.0,0,0.0,162762,68.0,2023-01-16,Built ML pipeline for preprocessing
34,Male,B.Sc,14.0,Junior,Startup,Tier-1,3.0,1.0,0,1.0,116197,67.0,2024-09-16,None
21,Male,B.Sc,1.0,Mid,Enterprise,Tier-1,,1.0,1,7.0,71686,,2023-07-15,No relevant project mentioned
39,Male,B.Sc,,Mid,SME,Tier-1,7.0,2.0,1,0.0,204760,56.0,2024-04-08,Contributed to open-source NLP repo
38,Male,M.Sc,14.0,Mid,Enterprise,Tier-2,1.0,0.0,0,2.0,162067,67.0,2023-07-24,Built ML pipeline for preprocessing
26,Male,M.Sc,2.0,Junior,SME,Tier-1,,0.0,1,5.0,56545,52.0,2024-08-02,Contributed to open-source NLP repo
32,Male,M.Sc,8.0,Junior,SME,Tier-1,2.0,2.0,1,1.0,123163,60.0,2023-05-07,None
33,Male,B.Sc,12.0,Senior,Startup,Tier-3,,2.0,0,2.0,130584,,2023-06-09,No relevant project mentioned
32,Male,B.Sc,6.0,Junior,Enterprise,Tier-2,,0.0,0,4.0,87347,58.0,2024-05-15,Worked on microservices deployment
27,Male,B.Sc,4.0,Mid,Startup,Tier-2,,1.0,0,2.0,69327,54.0,2024-04-10,No relevant project mentioned
26,Male,M.Sc,,Mid,Enterprise,Tier-1,8.0,1.0,1,3.0,90201,66.0,2024-05-12,Worked on microservices deployment
30,Male,B.Sc,5.0,Junior,SME,Tier-2,3.0,3.0,0,1.0,77974,,2024-03-23,Experience in data cleaning and ETL
37,Male,M.Sc,12.0,Mid,Enterprise,Tier-1,5.0,0.0,0,3.0,180855,62.0,2024-04-08,Built ML pipeline for preprocessing
33,Female,B.Sc+Cert,14.0,Mid,Startup,Tier-1,2.0,1.0,1,0.0,156954,48.0,2023-12-08,Contributed to open-source NLP repo
28,Male,B.Sc+Cert,3.0,Mid,Startup,Tier-2,5.0,4.0,1,0.0,65924,56.0,2024-05-22,Built ML pipeline for preprocessing
35,Female,B.Sc,12.0,Mid,SME,Remote,5.0,0.0,1,,165186,66.0,2024-10-25,Built ML pipeline for preprocessing
20,Female,B.Sc,0.0,Mid,SME,Tier-2,10.0,0.0,0,1.0,47767,51.0,2023-10-11,None
37,Male,B.Sc,14.0,Junior,Startup,Tier-1,4.0,0.0,1,,131643,50.0,2023-05-31,Built ML pipeline for preprocessing
20,Male,M.Sc,0.0,Senior,Enterprise,Remote,4.0,0.0,0,1.0,103808,63.0,2024-07-28,None
28,Male,M.Eng,2.0,Junior,Startup,Tier-1,5.0,1.0,0,3.0,58776,60.0,2024-11-26,Contributed to open-source NLP repo
23,Female,B.Sc,0.0,Lead,SME,Remote,4.0,2.0,0,0.0,82771,66.0,2023-08-01,Worked on microservices deployment
22,Male,B.Sc,0.0,Mid,Startup,Tier-1,4.0,0.0,1,6.0,46516,67.0,2024-08-07,No relevant project mentioned
37,Male,M.Eng,15.0,Senior,SME,Tier-1,4.0,0.0,1,1.0,210733,56.0,2023-11-18,None
27,Male,B.Sc+Cert,5.0,Mid,SME,Tier-2,2.0,0.0,0,,89067,56.0,2024-10-27,Worked on microservices deployment
32,Female,B.Sc,12.0,Junior,Startup,Remote,4.0,2.0,0,4.0,110869,46.0,2023-07-07,No relevant project mentioned
30,Female,M.Sc,6.0,Senior,Enterprise,Remote,5.0,0.0,1,6.0,146286,58.0,2024-07-25,None
33,Male,B.Sc,8.0,Junior,SME,Tier-2,6.0,1.0,0,5.0,96909,66.0,2023-07-02,Experience in data cleaning and ETL
30,Male,B.Sc,8.0,Junior,Enterprise,Tier-2,6.0,0.0,0,0.0,124263,,2024-01-19,Built ML pipeline for preprocessing
22,Male,B.Sc+Cert,0.0,Junior,Startup,Tier-2,6.0,0.0,0,3.0,26553,57.0,2023-01-25,Experience in data cleaning and ETL
36,Male,M.Eng,10.0,Lead,SME,Tier-2,5.0,1.0,0,2.0,170564,69.0,2024-06-20,Worked on microservices deployment
27,Female,M.Sc,2.0,Mid,Startup,Tier-3,6.0,1.0,0,3.0,57324,53.0,2023-11-10,No relevant project mentioned
21,Male,B.Sc,1.0,Mid,Enterprise,Tier-1,3.0,,1,2.0,65881,65.0,2023-02-07,Contributed to open-source NLP repo
27,Male,M.Eng,,Mid,SME,Tier-1,,2.0,0,1.0,101226,73.0,2023-10-29,None
39,Male,B.Sc,13.0,Mid,Enterprise,Remote,5.0,0.0,1,5.0,155762,51.0,2024-01-04,No relevant project mentioned
35,Female,B.Sc,15.0,Senior,SME,Remote,4.0,2.0,0,5.0,165821,69.0,2023-04-10,Contributed to open-source NLP repo
28,Female,B.Sc,,Mid,Enterprise,Tier-1,4.0,0.0,0,4.0,62379,56.0,2024-01-23,Experience in data cleaning and ETL
28,Male,B.Sc,4.0,Senior,SME,Tier-1,8.0,1.0,1,3.0,102388,44.0,2024-10-20,None
28,Female,M.Sc,7.0,Junior,Startup,Remote,4.0,0.0,0,3.0,98340,71.0,2024-03-21,Experience in data cleaning and ETL
42,Male,M.Sc,22.0,Junior,Startup,Tier-2,4.0,3.0,1,0.0,206946,60.0,2024-04-14,Contributed to open-source NLP repo
32,Male,B.Sc,5.0,Mid,SME,Tier-2,3.0,1.0,1,3.0,67408,75.0,2023-02-24,Contributed to open-source NLP repo
33,Male,,10.0,Mid,SME,Tier-1,6.0,3.0,1,2.0,277650,62.0,2024-05-10,Worked on microservices deployment
36,Male,B.Sc,14.0,Mid,Startup,Remote,3.0,0.0,1,1.0,154530,53.0,2024-08-06,No relevant project mentioned
31,Male,B.Sc,7.0,Mid,Enterprise,Tier-1,4.0,1.0,0,4.0,115111,70.0,2023-05-07,Experience in data cleaning and ETL
28,Female,M.Sc,6.0,Junior,SME,Tier-1,3.0,2.0,0,4.0,99619,58.0,2023-11-17,No relevant project mentioned
29,Male,M.Eng,0.0,Mid,SME,Tier-1,4.0,1.0,0,6.0,70618,44.0,2023-03-09,No relevant project mentioned
30,Male,B.Sc,2.0,Mid,Startup,Remote,3.0,1.0,1,1.0,56788,,2024-01-31,Experience in data cleaning and ETL
30,Male,B.Sc,10.0,Junior,SME,Tier-3,3.0,1.0,0,2.0,114203,58.0,2023-06-02,No relevant project mentioned
34,Male,M.Sc,10.0,Mid,Startup,Tier-3,4.0,0.0,1,5.0,121155,61.0,2023-05-29,Experience in data cleaning and ETL
30,Female,M.Eng,5.0,Junior,Startup,Tier-1,2.0,2.0,0,1.0,77867,68.0,2024-02-07,No relevant project mentioned
34,Male,B.Sc,11.0,Mid,Enterprise,Remote,9.0,1.0,0,4.0,162903,46.0,2023-08-14,No relevant project mentioned
30,Male,B.Sc,7.0,Junior,SME,Tier-3,2.0,2.0,0,7.0,74943,58.0,2024-11-22,Built ML pipeline for preprocessing
30,Female,M.Sc,5.0,Senior,SME,Tier-3,5.0,0.0,0,3.0,78056,66.0,2023-11-06,No relevant project mentioned
20,Male,B.Sc,0.0,Mid,Startup,Remote,5.0,1.0,0,7.0,40824,54.0,2024-02-23,Built ML pipeline for preprocessing
35,Male,,,Junior,SME,Tier-1,7.0,0.0,0,2.0,119464,65.0,2024-05-29,Worked on microservices deployment
32,Male,M.Sc,11.0,Mid,Startup,Tier-2,,3.0,0,0.0,143001,70.0,2023-10-16,Contributed to open-source NLP repo
36,Male,M.Sc,12.0,Senior,SME,Remote,7.0,0.0,0,0.0,154209,47.0,2023-07-20,No relevant project mentioned
20,Other,M.Sc,0.0,Mid,SME,Tier-3,,,0,3.0,43000,59.0,2024-06-02,Worked on microservices deployment
43,Female,M.Sc,19.0,Senior,SME,Tier-2,3.0,0.0,0,0.0,185512,54.0,2024-10-28,None
29,Male,M.Sc,6.0,Junior,Enterprise,Tier-1,2.0,2.0,1,3.0,115129,58.0,2023-06-17,Worked on microservices deployment
37,Female,B.Sc,13.0,Senior,SME,Tier-2,5.0,3.0,1,0.0,165044,,2024-11-05,Contributed to open-source NLP repo
24,Male,B.Sc,0.0,Mid,SME,Tier-2,7.0,2.0,0,7.0,48751,64.0,2023-12-03,Worked on microservices deployment
34,Male,B.Sc,10.0,Junior,SME,Tier-1,6.0,1.0,0,0.0,130551,,2023-10-22,Worked on microservices deployment
24,Male,B.Sc,0.0,Mid,Startup,Remote,4.0,2.0,0,2.0,43060,60.0,2024-01-15,Built ML pipeline for preprocessing
26,Male,M.Sc,6.0,Lead,Enterprise,Tier-1,7.0,1.0,1,3.0,162188,61.0,2023-01-11,Built ML pipeline for preprocessing
41,Male,B.Sc+Cert,19.0,Senior,SME,Tier-1,4.0,,0,4.0,214517,49.0,2023-12-23,None
29,Male,B.Sc+Cert,,Mid,Startup,Tier-2,6.0,,1,1.0,105120,63.0,2023-05-11,Worked on microservices deployment
31,Female,M.Sc,8.0,Junior,Enterprise,Tier-2,4.0,0.0,0,6.0,88997,68.0,2023-07-24,Contributed to open-source NLP repo
35,Male,,12.0,Mid,Startup,Tier-1,7.0,3.0,0,2.0,155535,68.0,2024-03-11,Built ML pipeline for preprocessing
33,Male,B.Sc,12.0,Junior,Enterprise,Tier-1,5.0,3.0,1,1.0,160793,64.0,2023-11-12,Worked on microservices deployment
31,Male,M.Eng,10.0,Junior,Enterprise,Tier-1,4.0,1.0,0,2.0,132871,45.0,2024-08-26,None
32,Male,M.Sc,9.0,Mid,SME,Tier-1,4.0,0.0,0,3.0,125197,59.0,2023-11-10,Built ML pipeline for preprocessing
44,Male,M.Sc,20.0,Senior,Startup,Tier-1,7.0,1.0,1,2.0,234659,64.0,2024-04-30,No relevant project mentioned
30,Male,M.Sc,5.0,Mid,Startup,Tier-1,4.0,0.0,0,3.0,88067,63.0,2023-04-21,Experience in data cleaning and ETL
31,Female,M.Sc,8.0,Junior,Startup,Tier-1,6.0,3.0,0,1.0,123603,73.0,2023-10-17,No relevant project mentioned
36,Male,M.Eng,16.0,Mid,Startup,Tier-2,,2.0,0,0.0,168839,44.0,2023-09-04,No relevant project mentioned
37,Male,B.Sc,13.0,Senior,SME,Remote,8.0,1.0,1,1.0,158155,54.0,2024-02-16,Built ML pipeline for preprocessing
37,Male,,12.0,Mid,Enterprise,Tier-2,3.0,0.0,1,6.0,163834,,2024-07-26,None
34,Male,B.Sc+Cert,13.0,Mid,SME,Tier-3,4.0,3.0,0,3.0,135090,60.0,2024-03-25,Worked on microservices deployment
23,Male,B.Sc,2.0,Lead,SME,Tier-1,3.0,1.0,1,0.0,104090,50.0,2024-09-13,No relevant project mentioned
40,Female,M.Sc,17.0,Senior,SME,Tier-3,6.0,0.0,0,0.0,190040,63.0,2024-02-25,No relevant project mentioned
23,Male,B.Sc,1.0,Junior,Enterprise,Tier-2,6.0,0.0,0,,51712,,2024-02-04,Built ML pipeline for preprocessing
32,Male,B.Sc+Cert,7.0,Junior,Startup,Tier-2,4.0,2.0,0,4.0,96105,53.0,2024-03-31,None
25,Male,B.Sc,2.0,Lead,SME,Tier-1,,1.0,1,0.0,89316,69.0,2023-05-05,None
30,Male,M.Sc,10.0,Mid,Enterprise,Tier-1,3.0,0.0,1,2.0,158406,54.0,2024-12-15,Built ML pipeline for preprocessing
32,Male,B.Sc,12.0,Junior,Enterprise,Tier-2,,0.0,0,1.0,134500,61.0,2023-09-17,No relevant project mentioned
32,Female,M.Sc,5.0,Mid,Enterprise,Tier-2,4.0,3.0,0,3.0,105591,54.0,2024-06-18,No relevant project mentioned
33,Male,B.Sc,13.0,Mid,Enterprise,Remote,4.0,0.0,1,0.0,175444,51.0,2024-12-12,Built ML pipeline for preprocessing
40,Female,B.Sc,21.0,Lead,Startup,Tier-1,,1.0,1,1.0,239100,,2023-03-21,Built ML pipeline for preprocessing
33,Male,B.Sc,10.0,Junior,SME,Tier-1,3.0,1.0,1,3.0,108654,71.0,2023-09-29,Built ML pipeline for preprocessing
29,Female,B.Sc+Cert,8.0,Mid,Startup,Tier-2,5.0,1.0,0,2.0,99659,54.0,2024-07-18,Built ML pipeline for preprocessing
36,Male,B.Sc,16.0,Senior,SME,Remote,3.0,,1,4.0,175204,,2024-02-22,No relevant project mentioned
37,Male,B.Sc,14.0,Mid,SME,Tier-1,4.0,1.0,1,0.0,160022,51.0,2024-02-06,Contributed to open-source NLP repo
23,Male,M.Sc,6.0,Junior,SME,Tier-2,7.0,0.0,1,,93609,55.0,2023-02-22,Built ML pipeline for preprocessing
34,Female,B.Sc,13.0,Senior,Enterprise,Tier-1,,2.0,0,0.0,170514,75.0,2023-09-29,None
34,Male,B.Sc+Cert,12.0,Mid,SME,Tier-2,,0.0,1,2.0,149742,,2023-08-16,Built ML pipeline for preprocessing
28,Male,B.Sc,4.0,Mid,SME,Tier-3,5.0,0.0,1,0.0,77478,65.0,2024-11-22,No relevant project mentioned
38,Male,M.Sc,17.0,Mid,Startup,Remote,6.0,2.0,0,0.0,192125,62.0,2024-01-06,No relevant project mentioned
29,Female,B.Sc,2.0,Junior,Enterprise,Tier-1,4.0,1.0,1,1.0,72074,,2024-12-12,Worked on microservices deployment
31,Male,B.Sc,11.0,Senior,Startup,Tier-1,,1.0,1,1.0,132724,61.0,2023-07-11,No relevant project mentioned
29,Female,M.Sc,9.0,Mid,Startup,Tier-2,5.0,2.0,0,2.0,127336,50.0,2023-01-23,Worked on microservices deployment
30,Male,M.Sc,10.0,Mid,Startup,Tier-1,6.0,1.0,1,2.0,154818,44.0,2024-07-05,None
23,Male,M.Sc,0.0,Junior,SME,Tier-2,5.0,0.0,0,1.0,44269,47.0,2023-12-02,Experience in data cleaning and ETL
21,Male,B.Sc,0.0,Mid,Startup,Tier-2,3.0,1.0,0,0.0,32605,43.0,2023-08-18,Experience in data cleaning and ETL
40,Female,B.Sc,17.0,Senior,Enterprise,Tier-1,8.0,4.0,0,1.0,247296,41.0,2024-06-13,No relevant project mentioned
25,Male,B.Sc,4.0,Senior,Enterprise,Tier-3,7.0,1.0,0,0.0,100733,,2024-05-02,No relevant project mentioned
24,Female,PhD,,Senior,Enterprise,Tier-1,6.0,1.0,1,0.0,128407,67.0,2023-06-13,Built ML pipeline for preprocessing
20,Male,B.Sc,0.0,Mid,Startup,Remote,1.0,3.0,0,0.0,41926,69.0,2024-02-27,Contributed to open-source NLP repo
26,Male,B.Sc,5.0,Mid,Enterprise,Tier-3,2.0,1.0,1,0.0,78701,52.0,2023-12-26,No relevant project mentioned
22,Male,B.Sc,0.0,Mid,Enterprise,Tier-3,1.0,4.0,0,4.0,39494,60.0,2023-06-18,Built ML pipeline for preprocessing
40,Male,M.Sc,18.0,Senior,Enterprise,Tier-1,4.0,,1,2.0,242397,55.0,2024-05-27,Built ML pipeline for preprocessing
36,Female,B.Sc,12.0,Mid,SME,Remote,1.0,0.0,0,2.0,130078,53.0,2023-12-14,None
26,Female,B.Sc+Cert,1.0,Mid,Enterprise,Tier-3,3.0,2.0,0,3.0,53619,70.0,2023-07-18,Built ML pipeline for preprocessing
44,Female,B.Sc,20.0,Junior,Startup,Tier-1,6.0,2.0,0,6.0,158035,55.0,2023-07-31,Built ML pipeline for preprocessing
36,Female,B.Sc+Cert,17.0,Junior,Enterprise,Tier-1,2.0,1.0,0,1.0,192336,70.0,2024-11-12,Worked on microservices deployment
28,Male,B.Sc,3.0,Mid,Startup,Tier-1,7.0,2.0,1,1.0,74391,60.0,2023-06-01,None
20,Male,M.Sc,0.0,Lead,SME,Remote,8.0,0.0,1,7.0,104309,64.0,2024-07-30,Contributed to open-source NLP repo
44,Female,B.Sc+Cert,21.0,Junior,Enterprise,Remote,3.0,2.0,1,4.0,211779,58.0,2024-06-13,None
22,Male,B.Sc,0.0,Junior,SME,Remote,7.0,4.0,1,,56248,59.0,2023-03-31,Contributed to open-source NLP repo
20,Female,B.Sc+Cert,1.0,Junior,Startup,Tier-3,4.0,1.0,1,2.0,36285,40.0,2023-01-14,No relevant project mentioned
36,Female,B.Sc,11.0,Senior,Enterprise,Tier-2,5.0,1.0,0,2.0,153471,52.0,2023-01-19,No relevant project mentioned
45,Male,B.Sc+Cert,20.0,Mid,Enterprise,Tier-1,10.0,1.0,0,2.0,215673,50.0,2023-03-23,Experience in data cleaning and ETL
38,Other,M.Sc,14.0,Junior,Startup,Tier-1,6.0,0.0,1,3.0,159830,74.0,2024-09-12,Built ML pipeline for preprocessing
33,Male,B.Sc,15.0,Mid,Enterprise,Tier-1,6.0,1.0,0,1.0,187752,51.0,2024-06-02,Worked on microservices deployment
34,Male,B.Sc,,Mid,SME,Tier-2,2.0,1.0,0,4.0,128618,55.0,2023-01-02,Experience in data cleaning and ETL
35,Male,B.Sc,13.0,Mid,SME,Remote,4.0,3.0,0,5.0,163139,48.0,2023-09-20,None
35,Male,B.Sc,11.0,Mid,Startup,Remote,,1.0,0,2.0,127307,60.0,2024-06-23,Experience in data cleaning and ETL
32,Male,B.Sc,10.0,Junior,Startup,Tier-1,6.0,1.0,0,1.0,127833,69.0,2024-05-04,Experience in data cleaning and ETL
31,Male,B.Sc,8.0,Mid,Startup,Tier-2,2.0,1.0,0,3.0,86368,69.0,2023-12-03,Experience in data cleaning and ETL
30,Female,B.Sc,9.0,Junior,Startup,Tier-2,,1.0,0,0.0,101465,40.0,2023-10-13,Experience in data cleaning and ETL
25,Female,M.Sc,4.0,Junior,Enterprise,Tier-2,6.0,2.0,0,,104201,56.0,2023-09-11,Worked on microservices deployment
28,Male,B.Sc,6.0,Mid,SME,Tier-2,4.0,1.0,0,3.0,72055,53.0,2024-08-19,Worked on microservices deployment
20,Male,B.Sc,0.0,Junior,Enterprise,Tier-1,8.0,0.0,0,0.0,55538,46.0,2024-04-29,None
29,Female,M.Sc,7.0,Mid,Enterprise,Remote,,1.0,0,2.0,130601,63.0,2023-07-20,No relevant project mentioned
24,Male,B.Sc,5.0,Junior,Startup,Tier-3,2.0,0.0,1,3.0,61843,79.0,2023-10-19,None
23,Male,,0.0,Junior,Enterprise,Tier-3,3.0,1.0,0,1.0,35467,80.0,2023-10-05,No relevant project mentioned
31,Male,B.Sc,9.0,Senior,Enterprise,Tier-1,7.0,1.0,1,0.0,162164,58.0,2023-12-01,Worked on microservices deployment
38,Male,B.Sc+Cert,12.0,Mid,SME,Tier-1,4.0,0.0,0,2.0,145331,61.0,2024-08-12,No relevant project mentioned
36,Male,M.Eng,10.0,Mid,Startup,Tier-1,5.0,0.0,0,4.0,127179,68.0,2024-02-15,Built ML pipeline for preprocessing
21,Female,B.Sc,1.0,Senior,Enterprise,Tier-3,6.0,1.0,0,1.0,60964,59.0,2023-07-29,Built ML pipeline for preprocessing
24,Male,M.Sc,2.0,Mid,Enterprise,Remote,11.0,1.0,0,3.0,92711,67.0,2024-09-29,Experience in data cleaning and ETL
36,Male,B.Sc,15.0,Senior,Enterprise,Tier-2,7.0,1.0,0,1.0,183878,47.0,2023-01-10,Contributed to open-source NLP repo
24,Male,M.Sc,0.0,Mid,Startup,Tier-3,7.0,,1,0.0,39160,59.0,2023-08-28,Worked on microservices deployment
29,Male,M.Sc,,Junior,Startup,Tier-2,8.0,1.0,1,1.0,76100,59.0,2023-06-19,Experience in data cleaning and ETL
33,Male,M.Sc,10.0,Junior,SME,Tier-1,5.0,2.0,0,1.0,126712,,2024-11-11,Built ML pipeline for preprocessing
24,Female,B.Sc,0.0,Mid,SME,Tier-3,,2.0,0,5.0,45773,48.0,2024-04-17,Contributed to open-source NLP repo
31,Female,B.Sc,6.0,Junior,Startup,Tier-3,7.0,1.0,1,,91544,,2024-04-16,No relevant project mentioned
22,Male,B.Sc,2.0,Junior,SME,Tier-1,3.0,1.0,0,0.0,58972,54.0,2024-11-26,No relevant project mentioned
26,Female,B.Sc+Cert,0.0,Junior,SME,Tier-1,6.0,2.0,1,1.0,51001,68.0,2023-08-17,Built ML pipeline for preprocessing
32,Female,M.Sc,7.0,Junior,Enterprise,Tier-2,,1.0,1,7.0,97341,46.0,2024-02-12,No relevant project mentioned
20,Female,M.Eng,,Junior,SME,Tier-1,4.0,0.0,1,1.0,53763,,2024-02-03,Worked on microservices deployment
33,Male,PhD,12.0,Junior,SME,Remote,5.0,1.0,0,1.0,173720,,2023-07-22,Contributed to open-source NLP repo
30,Male,B.Sc,7.0,Junior,Enterprise,Tier-2,11.0,1.0,0,0.0,95797,49.0,2024-11-14,None
33,Male,M.Sc,12.0,Junior,Enterprise,Tier-1,5.0,5.0,1,3.0,139825,56.0,2024-08-15,Built ML pipeline for preprocessing
31,Male,M.Sc,9.0,Mid,Startup,Tier-1,3.0,0.0,0,1.0,126022,65.0,2023-02-18,None
38,Male,PhD,19.0,Junior,Startup,Remote,5.0,1.0,0,2.0,224597,62.0,2024-12-27,Experience in data cleaning and ETL
31,Male,PhD,5.0,Senior,Enterprise,Tier-3,7.0,0.0,0,2.0,133680,,2024-11-19,Built ML pipeline for preprocessing
27,Female,M.Sc,4.0,Senior,SME,Tier-3,9.0,2.0,0,0.0,107056,,2023-04-05,Experience in data cleaning and ETL
31,Female,B.Sc,5.0,Mid,Enterprise,Tier-1,11.0,0.0,1,0.0,99385,61.0,2023-04-28,Built ML pipeline for preprocessing
33,Female,M.Sc,12.0,Mid,SME,Remote,5.0,1.0,1,6.0,152672,74.0,2024-09-01,Contributed to open-source NLP repo
30,Male,B.Sc,6.0,Mid,Startup,Tier-2,7.0,1.0,1,5.0,92656,64.0,2023-03-15,Built ML pipeline for preprocessing
30,Male,M.Sc,4.0,Junior,SME,Tier-2,3.0,,1,2.0,59448,67.0,2023-02-06,Contributed to open-source NLP repo
26,Male,B.Sc+Cert,3.0,Senior,SME,Remote,5.0,1.0,0,0.0,87905,59.0,2023-11-26,No relevant project mentioned
26,Male,B.Sc,3.0,Junior,SME,Tier-1,3.0,,0,1.0,60511,,2024-03-01,No relevant project mentioned
22,Male,M.Sc,0.0,Senior,Startup,Tier-2,,1.0,0,2.0,57856,43.0,2023-07-06,No relevant project mentioned
40,Male,B.Sc,,Mid,Enterprise,Tier-1,7.0,,0,1.0,205297,70.0,2024-01-19,Built ML pipeline for preprocessing
23,Male,B.Sc,0.0,Junior,SME,Tier-2,,3.0,0,6.0,38532,61.0,2024-04-03,Built ML pipeline for preprocessing
26,Female,B.Sc,8.0,Mid,SME,Tier-1,7.0,1.0,1,0.0,110522,60.0,2023-11-05,None
26,Male,M.Sc,4.0,Mid,Enterprise,Remote,4.0,0.0,0,3.0,105829,47.0,2024-03-01,Worked on microservices deployment
35,Female,B.Sc+Cert,13.0,Junior,SME,Tier-1,3.0,0.0,1,1.0,134567,62.0,2024-01-27,Experience in data cleaning and ETL
28,Male,B.Sc+Cert,10.0,Mid,Enterprise,Tier-2,6.0,1.0,1,2.0,138133,,2023-11-27,None
37,Male,B.Sc,14.0,Mid,Enterprise,Remote,1.0,1.0,0,3.0,153039,,2024-02-12,Worked on microservices deployment
26,Male,B.Sc+Cert,4.0,Mid,SME,Remote,2.0,1.0,0,1.0,83637,55.0,2023-11-03,Contributed to open-source NLP repo
32,Male,M.Sc,9.0,Junior,SME,Tier-2,,0.0,1,0.0,100799,65.0,2023-03-12,Worked on microservices deployment
25,Male,B.Sc,5.0,Junior,Enterprise,Tier-2,6.0,0.0,1,2.0,82544,59.0,2024-03-19,No relevant project mentioned
43,Male,B.Sc,22.0,Senior,Startup,Tier-1,,1.0,1,6.0,239141,53.0,2023-05-29,Experience in data cleaning and ETL
23,Male,B.Sc,0.0,Mid,Startup,Tier-1,4.0,1.0,0,2.0,44159,61.0,2024-03-12,Built ML pipeline for preprocessing
32,Male,,10.0,Mid,Enterprise,Tier-2,9.0,1.0,0,0.0,152021,56.0,2023-09-19,Experience in data cleaning and ETL
34,Male,M.Sc,11.0,Lead,Enterprise,Tier-1,9.0,0.0,0,4.0,233407,49.0,2024-10-13,Built ML pipeline for preprocessing
32,Female,M.Sc,9.0,Junior,Enterprise,Tier-1,2.0,1.0,0,0.0,135747,65.0,2023-12-23,Built ML pipeline for preprocessing
29,Male,B.Sc,10.0,Mid,Startup,Tier-1,6.0,1.0,0,1.0,105586,52.0,2023-11-01,Experience in data cleaning and ETL
29,Female,M.Sc,6.0,Senior,Startup,Tier-2,8.0,1.0,1,1.0,116342,54.0,2024-06-26,Built ML pipeline for preprocessing
30,Male,B.Sc,8.0,Senior,Startup,Tier-2,7.0,0.0,0,1.0,120421,64.0,2023-06-04,Built ML pipeline for preprocessing
29,Female,B.Sc,4.0,Junior,SME,Tier-1,6.0,1.0,1,1.0,72965,61.0,2023-04-26,Contributed to open-source NLP repo
36,Female,M.Sc,16.0,Junior,SME,Tier-1,5.0,1.0,0,4.0,196379,63.0,2024-12-21,Built ML pipeline for preprocessing
43,Male,B.Sc,17.0,Mid,SME,Tier-2,4.0,1.0,0,0.0,189935,74.0,2024-09-18,Built ML pipeline for preprocessing
27,Male,M.Eng,2.0,Junior,Startup,Tier-2,7.0,1.0,0,2.0,52940,60.0,2023-02-20,No relevant project mentioned
22,Female,B.Sc,0.0,Senior,SME,Tier-2,8.0,1.0,0,0.0,54097,,2023-03-13,No relevant project mentioned
29,Male,M.Sc,2.0,Junior,SME,Tier-3,3.0,0.0,1,2.0,46780,49.0,2024-10-01,No relevant project mentioned
45,Male,B.Sc,23.0,Junior,Startup,Tier-1,2.0,1.0,0,0.0,234735,37.0,2023-05-23,Contributed to open-source NLP repo
25,Male,M.Sc,3.0,Junior,Enterprise,Tier-1,3.0,1.0,1,1.0,82425,62.0,2023-06-16,Built ML pipeline for preprocessing
40,Female,B.Sc,15.0,Mid,Startup,Tier-1,6.0,0.0,1,1.0,157728,47.0,2023-03-11,Built ML pipeline for preprocessing
40,Female,B.Sc,16.0,Senior,Enterprise,Tier-2,,0.0,1,0.0,193011,81.0,2024-05-10,Experience in data cleaning and ETL
27,Male,,3.0,Mid,Enterprise,Tier-3,8.0,0.0,0,1.0,65703,65.0,2024-06-03,None
33,Male,B.Sc,9.0,Senior,SME,Tier-1,5.0,0.0,0,2.0,140405,,2023-06-12,Worked on microservices deployment
40,Male,M.Eng,16.0,Junior,Startup,Tier-2,4.0,1.0,0,1.0,160595,51.0,2024-07-28,No relevant project mentioned
28,Male,PhD,6.0,Junior,SME,Tier-2,4.0,,0,1.0,103387,75.0,2023-10-14,None
29,Other,B.Sc,6.0,Senior,Enterprise,Remote,3.0,2.0,1,1.0,130684,59.0,2023-08-22,Worked on microservices deployment
27,Male,B.Sc,5.0,Senior,Startup,Tier-3,6.0,0.0,0,2.0,87949,59.0,2024-12-30,Contributed to open-source NLP repo
24,Male,M.Sc,,Senior,Enterprise,Tier-2,,1.0,1,3.0,78646,63.0,2023-12-10,Experience in data cleaning and ETL
26,Male,B.Sc+Cert,5.0,Senior,Enterprise,Tier-2,10.0,1.0,1,2.0,106581,67.0,2023-09-10,None
23,Female,B.Sc+Cert,3.0,Mid,Enterprise,Remote,,0.0,1,7.0,85446,50.0,2024-12-06,Experience in data cleaning and ETL
30,Male,B.Sc,7.0,Junior,SME,Remote,4.0,0.0,0,6.0,91653,53.0,2023-09-14,Worked on microservices deployment
25,Male,M.Sc,4.0,Senior,Enterprise,Tier-2,5.0,0.0,0,0.0,108364,66.0,2024-05-20,Built ML pipeline for preprocessing
31,Male,B.Sc,8.0,Junior,Enterprise,Tier-2,3.0,0.0,0,1.0,113806,64.0,2024-04-15,Worked on microservices deployment
21,Male,PhD,0.0,Mid,SME,Tier-2,5.0,0.0,1,,123726,61.0,2023-10-16,Worked on microservices deployment
32,Male,B.Sc+Cert,10.0,Mid,Startup,Tier-2,6.0,0.0,0,0.0,123098,69.0,2024-09-11,Built ML pipeline for preprocessing
35,Male,B.Sc,16.0,Junior,Startup,Tier-2,4.0,1.0,0,2.0,161022,,2024-07-02,Contributed to open-source NLP repo
20,Male,B.Sc,0.0,Senior,Startup,Tier-1,4.0,1.0,0,6.0,51764,59.0,2024-05-19,Built ML pipeline for preprocessing
32,Female,B.Sc,8.0,Junior,Enterprise,Remote,5.0,0.0,0,3.0,111499,56.0,2024-06-06,Worked on microservices deployment
37,Female,B.Sc,14.0,Senior,SME,Tier-2,4.0,0.0,0,0.0,161631,60.0,2023-03-25,Built ML pipeline for preprocessing
23,Other,M.Eng,1.0,Mid,Enterprise,Tier-3,4.0,2.0,0,3.0,70545,51.0,2024-12-30,Worked on microservices deployment
40,Male,B.Sc,19.0,Mid,Enterprise,Tier-2,5.0,0.0,1,1.0,222875,36.0,2024-07-12,Contributed to open-source NLP repo
33,Female,B.Sc,8.0,Mid,SME,Tier-3,4.0,2.0,0,6.0,80537,56.0,2023-12-11,Experience in data cleaning and ETL
26,Male,B.Sc,2.0,Junior,SME,Tier-1,2.0,1.0,1,1.0,49987,60.0,2024-01-14,No relevant project mentioned
30,Male,PhD,7.0,Mid,Startup,Tier-2,4.0,0.0,1,2.0,108287,43.0,2023-05-12,Built ML pipeline for preprocessing
33,Male,M.Sc,9.0,Mid,Enterprise,Tier-2,2.0,2.0,0,3.0,143434,53.0,2023-07-30,Experience in data cleaning and ETL
30,Male,B.Sc,5.0,Mid,SME,Tier-1,5.0,2.0,1,1.0,97632,62.0,2024-12-17,None
33,Male,B.Sc,14.0,Junior,SME,Remote,10.0,0.0,0,0.0,159108,,2024-08-17,Worked on microservices deployment
24,Male,PhD,0.0,Junior,Startup,Tier-1,1.0,1.0,1,0.0,62380,51.0,2023-03-18,Contributed to open-source NLP repo
31,Male,M.Eng,7.0,Junior,Enterprise,Tier-2,4.0,1.0,1,2.0,104851,39.0,2023-05-20,Experience in data cleaning and ETL
22,Male,B.Sc,0.0,Mid,Enterprise,Tier-1,2.0,0.0,1,6.0,62122,43.0,2023-05-08,Worked on microservices deployment
29,Male,B.Sc,3.0,Junior,SME,Remote,4.0,3.0,0,1.0,65652,,2023-03-07,Built ML pipeline for preprocessing
25,Male,B.Sc,3.0,Senior,SME,Tier-1,2.0,2.0,0,0.0,93534,,2024-10-24,Built ML pipeline for preprocessing
26,Male,B.Sc,4.0,Mid,Enterprise,Tier-2,3.0,1.0,1,2.0,89848,68.0,2024-07-20,Worked on microservices deployment
37,Female,M.Sc,13.0,Senior,Startup,Tier-1,8.0,0.0,1,0.0,186405,63.0,2023-05-27,Built ML pipeline for preprocessing
37,Female,B.Sc+Cert,13.0,Senior,Startup,Tier-2,5.0,0.0,1,2.0,171418,59.0,2023-03-08,No relevant project mentioned
34,Male,B.Sc,13.0,Junior,SME,Remote,2.0,1.0,1,1.0,156557,68.0,2024-04-16,Contributed to open-source NLP repo
23,Male,,0.0,Senior,Startup,Tier-1,,0.0,0,2.0,71348,72.0,2023-05-31,Built ML pipeline for preprocessing
28,Male,B.Sc,3.0,Mid,SME,Tier-2,,0.0,0,0.0,61398,54.0,2023-01-04,Built ML pipeline for preprocessing
37,Female,M.Sc,14.0,Senior,SME,Tier-1,7.0,0.0,1,0.0,202240,,2023-01-18,None
31,Male,M.Sc,,Senior,SME,Tier-2,10.0,3.0,1,3.0,117364,54.0,2024-06-07,Experience in data cleaning and ETL
44,Male,B.Sc,19.0,Junior,Startup,Tier-2,7.0,1.0,0,0.0,176643,53.0,2023-09-13,None
32,Male,B.Sc,10.0,Mid,SME,Tier-2,6.0,1.0,0,4.0,113977,76.0,2024-05-23,No relevant project mentioned
31,Male,M.Sc,8.0,Mid,SME,Tier-2,,3.0,0,3.0,124063,69.0,2023-02-04,Built ML pipeline for preprocessing
28,Male,B.Sc,9.0,Mid,SME,Tier-2,4.0,0.0,0,0.0,123124,65.0,2024-07-08,Experience in data cleaning and ETL
31,Female,B.Sc,3.0,Junior,SME,Tier-1,4.0,1.0,0,5.0,67806,57.0,2024-08-12,Built ML pipeline for preprocessing
29,Male,B.Sc,3.0,Junior,Enterprise,Tier-2,8.0,0.0,0,0.0,65911,,2024-05-21,Experience in data cleaning and ETL
34,Male,PhD,13.0,Mid,Startup,Tier-1,8.0,0.0,0,4.0,161672,,2023-11-19,No relevant project mentioned
36,Female,B.Sc,10.0,Mid,Enterprise,Tier-3,4.0,0.0,0,1.0,128308,51.0,2024-03-28,No relevant project mentioned
25,Female,M.Eng,,Lead,Startup,Tier-3,3.0,1.0,1,0.0,67250,55.0,2023-12-25,Built ML pipeline for preprocessing
22,Male,B.Sc,2.0,Senior,SME,Tier-1,6.0,2.0,0,6.0,83675,56.0,2023-02-21,No relevant project mentioned
20,Male,M.Sc,0.0,Mid,SME,Tier-1,2.0,1.0,0,6.0,61477,42.0,2024-06-12,Worked on microservices deployment
33,Male,M.Sc,12.0,Junior,SME,Tier-1,2.0,1.0,1,2.0,142955,45.0,2024-12-23,Contributed to open-source NLP repo
23,Female,B.Sc+Cert,,Junior,Enterprise,Remote,4.0,2.0,1,1.0,54816,57.0,2023-02-02,No relevant project mentioned
20,Male,B.Sc,0.0,Mid,SME,Tier-3,4.0,3.0,0,5.0,37671,57.0,2023-11-24,Experience in data cleaning and ETL
32,Female,M.Sc,9.0,Senior,SME,Tier-1,9.0,3.0,1,2.0,165007,67.0,2024-03-11,Contributed to open-source NLP repo
45,Male,M.Sc,19.0,Mid,Enterprise,Tier-2,5.0,0.0,0,1.0,193747,53.0,2024-02-23,Built ML pipeline for preprocessing
30,Male,B.Sc,9.0,Mid,Startup,Tier-1,7.0,0.0,0,1.0,119250,49.0,2023-03-18,No relevant project mentioned
35,Male,B.Sc,15.0,Senior,Startup,Tier-2,5.0,1.0,0,4.0,188574,58.0,2024-08-02,No relevant project mentioned
30,Male,B.Sc,5.0,Senior,Startup,Tier-3,2.0,0.0,1,5.0,78112,64.0,2023-02-19,None
29,Male,B.Sc,,Junior,Startup,Tier-2,7.0,2.0,0,6.0,89272,58.0,2024-03-17,Experience in data cleaning and ETL
36,Male,B.Sc+Cert,16.0,Junior,SME,Remote,3.0,1.0,0,1.0,176777,56.0,2024-10-31,Experience in data cleaning and ETL
28,Male,B.Sc,2.0,Junior,SME,Tier-2,9.0,1.0,0,3.0,54660,,2023-07-17,Contributed to open-source NLP repo
32,Female,B.Sc,8.0,Mid,Startup,Tier-1,6.0,1.0,0,0.0,109480,62.0,2024-04-07,Worked on microservices deployment
32,Male,M.Sc,11.0,Lead,Startup,Tier-2,4.0,0.0,0,3.0,148897,,2024-01-12,Experience in data cleaning and ETL
26,Female,B.Sc,8.0,Junior,Enterprise,Tier-2,5.0,2.0,0,2.0,115377,68.0,2024-06-29,Worked on microservices deployment
36,Male,B.Sc,14.0,Junior,Enterprise,Remote,3.0,1.0,0,0.0,160910,61.0,2024-03-11,None
29,Male,B.Sc,7.0,Senior,Enterprise,Tier-1,3.0,0.0,1,3.0,144752,52.0,2024-12-24,None
25,Male,B.Sc+Cert,,Mid,Enterprise,Tier-2,,3.0,0,0.0,60907,57.0,2023-09-29,Experience in data cleaning and ETL
33,Male,B.Sc+Cert,11.0,Lead,Enterprise,Tier-2,2.0,1.0,1,1.0,150172,,2024-07-29,None
25,Female,B.Sc+Cert,1.0,Mid,Enterprise,Tier-2,7.0,0.0,0,1.0,59920,50.0,2023-06-04,No relevant project mentioned
30,Male,,11.0,Mid,SME,Tier-1,9.0,2.0,1,4.0,161454,72.0,2023-11-17,Worked on microservices deployment
30,Male,M.Sc,,Junior,Startup,Remote,4.0,0.0,1,1.0,126283,74.0,2023-09-26,No relevant project mentioned
37,Male,B.Sc,18.0,Junior,SME,Tier-1,5.0,1.0,1,,204636,50.0,2024-07-05,Contributed to open-source NLP repo
33,Male,B.Sc,8.0,Mid,Startup,Tier-1,1.0,1.0,1,0.0,118630,,2023-06-09,None
30,Male,B.Sc,6.0,Mid,Enterprise,Remote,8.0,1.0,0,2.0,116410,53.0,2023-11-19,No relevant project mentioned
35,Female,M.Sc,13.0,Junior,SME,Tier-1,2.0,0.0,0,0.0,160787,71.0,2023-01-14,Worked on microservices deployment
38,Female,B.Sc,13.0,Senior,SME,Tier-1,5.0,2.0,1,4.0,136675,79.0,2024-01-11,Contributed to open-source NLP repo
33,Male,B.Sc,11.0,Junior,Startup,Tier-2,5.0,0.0,0,5.0,113831,63.0,2023-04-30,Built ML pipeline for preprocessing
30,Male,B.Sc,,Mid,SME,Tier-1,5.0,0.0,0,2.0,129618,93.0,2023-11-10,No relevant project mentioned
22,Male,B.Sc,0.0,Junior,SME,Remote,12.0,0.0,1,3.0,50793,75.0,2023-12-14,Built ML pipeline for preprocessing
24,Male,M.Sc,0.0,Senior,Startup,Tier-2,2.0,1.0,0,1.0,53502,,2023-02-15,No relevant project mentioned
28,Male,B.Sc,2.0,Junior,SME,Tier-2,2.0,1.0,1,1.0,43843,62.0,2023-12-12,Contributed to open-source NLP repo
26,Male,M.Sc,1.0,Senior,Startup,Tier-1,6.0,1.0,1,0.0,72411,69.0,2024-04-13,Contributed to open-source NLP repo
29,Male,B.Sc,,Junior,SME,Tier-1,7.0,2.0,1,2.0,116306,,2024-01-17,Built ML pipeline for preprocessing
30,Male,M.Eng,7.0,Mid,SME,Tier-2,4.0,0.0,0,,130171,47.0,2024-09-13,Built ML pipeline for preprocessing
33,Male,M.Sc,7.0,Mid,Enterprise,Tier-2,4.0,0.0,1,5.0,122253,51.0,2024-01-06,No relevant project mentioned
30,Male,B.Sc,,Junior,SME,Tier-3,6.0,1.0,0,5.0,214022,54.0,2024-04-03,Worked on microservices deployment
33,Male,B.Sc,10.0,Junior,SME,Tier-1,5.0,2.0,0,6.0,109024,54.0,2023-08-07,Worked on microservices deployment
30,Male,M.Sc,5.0,Senior,Enterprise,Tier-2,6.0,1.0,1,0.0,136177,47.0,2023-05-01,Experience in data cleaning and ETL
20,Female,M.Eng,0.0,Senior,SME,Tier-1,4.0,0.0,0,0.0,79832,54.0,2023-10-16,Built ML pipeline for preprocessing
24,Male,,1.0,Junior,SME,Tier-2,6.0,0.0,1,1.0,49968,,2024-05-26,Built ML pipeline for preprocessing
29,Male,B.Sc,3.0,Junior,SME,Tier-2,,1.0,1,3.0,57457,65.0,2024-07-11,Contributed to open-source NLP repo
23,Male,B.Sc+Cert,3.0,Junior,Enterprise,Tier-1,4.0,2.0,1,1.0,81384,52.0,2023-12-04,Built ML pipeline for preprocessing
34,Female,M.Sc,8.0,Junior,SME,Tier-2,3.0,1.0,0,5.0,99668,43.0,2024-01-16,None
39,Male,B.Sc,16.0,Lead,SME,Tier-1,5.0,1.0,0,3.0,220585,57.0,2024-05-20,None
37,Male,B.Sc,13.0,Mid,Enterprise,Tier-2,,1.0,1,2.0,168985,62.0,2024-07-19,No relevant project mentioned
29,Male,B.Sc,7.0,Mid,Startup,Tier-2,,0.0,1,0.0,87745,64.0,2024-01-23,Worked on microservices deployment
39,Female,M.Sc,14.0,Lead,Enterprise,Tier-1,7.0,1.0,1,0.0,261332,61.0,2024-07-19,No relevant project mentioned
31,Female,B.Sc,11.0,Mid,SME,Remote,9.0,1.0,1,1.0,159008,52.0,2023-01-04,Contributed to open-source NLP repo
28,Male,PhD,7.0,Mid,SME,Tier-2,1.0,,0,7.0,125224,55.0,2024-08-14,None
26,Female,B.Sc,3.0,Junior,Enterprise,Remote,2.0,0.0,0,1.0,60967,48.0,2023-07-20,Worked on microservices deployment
28,Female,B.Sc,2.0,Mid,Startup,Tier-1,4.0,1.0,0,2.0,57192,31.0,2023-07-21,Built ML pipeline for preprocessing
28,Female,M.Sc,4.0,Mid,Enterprise,Remote,4.0,1.0,1,7.0,103385,55.0,2023-09-13,No relevant project mentioned
31,Male,B.Sc+Cert,8.0,Junior,Enterprise,Tier-1,,1.0,0,1.0,124571,40.0,2023-07-18,No relevant project mentioned
31,Male,M.Eng,8.0,Junior,SME,Tier-2,2.0,0.0,1,0.0,108645,54.0,2023-03-14,Experience in data cleaning and ETL
30,Male,B.Sc,,Junior,Enterprise,Remote,8.0,2.0,0,2.0,327724,,2024-11-18,Built ML pipeline for preprocessing
33,Female,M.Sc,7.0,Junior,Startup,Tier-1,8.0,1.0,0,2.0,103867,75.0,2023-08-07,Contributed to open-source NLP repo
37,Male,M.Sc,11.0,Mid,Enterprise,Tier-1,,0.0,0,6.0,183854,62.0,2024-03-08,Worked on microservices deployment
36,Male,B.Sc,10.0,Mid,SME,Tier-3,5.0,2.0,1,0.0,130629,66.0,2024-02-11,Experience in data cleaning and ETL
21,Male,B.Sc,2.0,Mid,SME,Tier-2,,2.0,1,1.0,61419,55.0,2023-04-03,Worked on microservices deployment
20,Female,B.Sc,0.0,Junior,Startup,Tier-2,,1.0,1,1.0,27893,52.0,2024-10-25,Experience in data cleaning and ETL
36,Female,B.Sc,12.0,Mid,SME,Tier-1,4.0,1.0,0,2.0,140633,62.0,2023-03-21,No relevant project mentioned
22,Male,B.Sc+Cert,0.0,Junior,Startup,Tier-2,4.0,0.0,0,0.0,28992,66.0,2023-07-27,Experience in data cleaning and ETL
29,Female,B.Sc,4.0,Mid,Enterprise,Tier-1,6.0,2.0,1,3.0,97483,63.0,2023-04-02,Built ML pipeline for preprocessing
23,Male,B.Sc+Cert,0.0,Senior,Enterprise,Remote,6.0,0.0,0,2.0,71252,71.0,2024-06-15,Built ML pipeline for preprocessing
20,Female,B.Sc,0.0,Junior,Startup,Tier-2,5.0,1.0,0,3.0,31406,58.0,2023-02-22,Worked on microservices deployment
33,Male,M.Sc,,Senior,Startup,Tier-3,,2.0,0,,114995,58.0,2023-03-24,Built ML pipeline for preprocessing
35,Male,B.Sc,12.0,Senior,Enterprise,Tier-1,1.0,0.0,0,2.0,183725,57.0,2023-03-15,Experience in data cleaning and ETL
27,Female,B.Sc,6.0,Junior,SME,Remote,5.0,3.0,0,5.0,95436,53.0,2024-02-14,Contributed to open-source NLP repo
20,Male,B.Sc,0.0,Junior,Startup,Tier-2,2.0,2.0,0,0.0,29370,64.0,2024-03-19,Built ML pipeline for preprocessing
27,Female,B.Sc,7.0,Lead,SME,Remote,7.0,1.0,0,0.0,138711,60.0,2023-05-10,Built ML pipeline for preprocessing
32,Male,M.Sc,8.0,Junior,SME,Tier-1,7.0,1.0,0,2.0,115397,82.0,2023-07-03,Contributed to open-source NLP repo
21,Male,B.Sc,1.0,Senior,Startup,Tier-3,3.0,0.0,1,3.0,45102,68.0,2024-07-31,No relevant project mentioned
31,Male,M.Sc,8.0,Mid,Enterprise,Tier-2,10.0,1.0,0,1.0,149499,,2024-10-26,Built ML pipeline for preprocessing
30,Male,B.Sc,3.0,Junior,SME,Tier-1,8.0,0.0,0,2.0,66382,38.0,2023-12-31,None
33,Male,B.Sc,11.0,Junior,Startup,Tier-2,6.0,0.0,1,0.0,123895,67.0,2023-07-15,Contributed to open-source NLP repo
31,Male,B.Sc,9.0,Mid,Enterprise,Tier-1,2.0,1.0,1,0.0,139649,51.0,2023-01-15,Built ML pipeline for preprocessing
24,Male,B.Sc+Cert,0.0,Mid,SME,Tier-1,,0.0,0,0.0,54504,66.0,2023-07-29,None
37,Male,M.Sc,16.0,Mid,Startup,Tier-1,,1.0,0,5.0,184898,70.0,2023-05-15,Built ML pipeline for preprocessing
29,Female,B.Sc,5.0,Senior,Startup,Tier-2,5.0,1.0,0,,73467,76.0,2024-01-19,Built ML pipeline for preprocessing
30,Female,B.Sc,6.0,Senior,Startup,Tier-2,6.0,1.0,1,0.0,103969,67.0,2024-04-19,No relevant project mentioned
24,Male,B.Sc,0.0,Junior,SME,Tier-2,11.0,0.0,1,0.0,46273,48.0,2024-08-16,None
27,Female,PhD,0.0,Senior,Startup,Tier-1,3.0,1.0,0,0.0,82235,53.0,2024-08-05,Worked on microservices deployment
25,Male,M.Sc,1.0,Senior,SME,Tier-3,7.0,3.0,1,1.0,80410,77.0,2024-05-18,Experience in data cleaning and ETL
29,Male,B.Sc,6.0,Senior,Startup,Remote,6.0,2.0,0,4.0,104791,68.0,2024-04-21,Contributed to open-source NLP repo
40,Female,M.Sc,,Mid,SME,Tier-1,11.0,0.0,0,1.0,166928,57.0,2023-10-24,Built ML pipeline for preprocessing
22,Female,B.Sc,0.0,Senior,Enterprise,Tier-1,5.0,2.0,1,0.0,77280,53.0,2024-01-17,Built ML pipeline for preprocessing
20,Male,B.Sc+Cert,0.0,Mid,SME,Tier-2,8.0,2.0,0,1.0,49343,67.0,2024-03-19,None
39,Female,B.Sc,16.0,Junior,SME,Tier-3,4.0,1.0,0,0.0,148767,55.0,2024-11-14,No relevant project mentioned
29,Male,M.Sc,7.0,Lead,Enterprise,Tier-2,6.0,2.0,1,2.0,165558,,2023-05-03,Contributed to open-source NLP repo
26,Other,B.Sc,1.0,Junior,SME,Tier-2,3.0,1.0,0,3.0,37063,57.0,2023-10-16,Built ML pipeline for preprocessing
36,Male,M.Sc,12.0,Junior,SME,Tier-1,6.0,1.0,0,1.0,169169,45.0,2023-07-29,None
26,Male,M.Sc,6.0,Senior,SME,Tier-3,8.0,2.0,0,0.0,90506,,2024-05-08,Worked on microservices deployment
41,Male,M.Sc,20.0,Junior,Enterprise,Tier-2,2.0,1.0,0,1.0,205958,53.0,2024-07-29,No relevant project mentioned
34,Male,M.Sc,13.0,Senior,Startup,Tier-1,4.0,0.0,0,3.0,160447,67.0,2024-01-25,Built ML pipeline for preprocessing
27,Male,B.Sc+Cert,4.0,Mid,SME,Tier-1,3.0,0.0,0,0.0,74928,47.0,2023-03-04,Built ML pipeline for preprocessing
43,Female,B.Sc,19.0,Junior,SME,Tier-2,4.0,0.0,1,0.0,194984,55.0,2024-02-13,Experience in data cleaning and ETL
26,Male,B.Sc,1.0,Mid,SME,Tier-2,8.0,2.0,1,1.0,54152,64.0,2024-06-03,No relevant project mentioned
34,Male,B.Sc,14.0,Senior,Enterprise,Tier-2,8.0,2.0,0,1.0,182287,48.0,2023-09-02,None
32,Male,PhD,7.0,Mid,SME,Remote,1.0,1.0,0,0.0,112347,41.0,2023-06-14,No relevant project mentioned
38,Male,B.Sc,14.0,Senior,Startup,Tier-1,4.0,4.0,1,0.0,148677,40.0,2023-04-03,No relevant project mentioned
39,Male,M.Sc,15.0,Senior,Enterprise,Remote,7.0,1.0,0,0.0,209474,52.0,2023-10-11,Experience in data cleaning and ETL
30,Male,M.Sc,3.0,Junior,Startup,Tier-2,6.0,0.0,0,1.0,61263,59.0,2024-12-11,No relevant project mentioned
25,Male,B.Sc,1.0,Junior,Startup,Tier-2,9.0,3.0,1,0.0,94836,49.0,2023-05-04,No relevant project mentioned
33,Male,B.Sc,11.0,Senior,SME,Remote,7.0,2.0,1,3.0,170660,51.0,2024-07-20,Contributed to open-source NLP repo
26,Male,B.Sc,2.0,Mid,Enterprise,Tier-2,10.0,0.0,0,2.0,72578,63.0,2023-07-09,None
42,Female,B.Sc,20.0,Junior,Enterprise,Tier-1,6.0,1.0,0,1.0,223440,52.0,2024-10-16,None
31,Female,B.Sc,11.0,Senior,Enterprise,Remote,12.0,0.0,0,2.0,157415,75.0,2023-11-13,No relevant project mentioned
28,Male,B.Sc,3.0,Senior,Startup,Tier-2,8.0,3.0,0,3.0,73110,83.0,2024-08-31,None
31,Male,B.Sc+Cert,7.0,Mid,SME,Tier-2,3.0,3.0,0,7.0,100548,65.0,2023-07-16,Contributed to open-source NLP repo
22,Male,B.Sc+Cert,0.0,Mid,Startup,Remote,3.0,2.0,0,4.0,42125,62.0,2023-10-12,Experience in data cleaning and ETL
24,Male,B.Sc,,Mid,Enterprise,Tier-2,8.0,0.0,1,2.0,84265,54.0,2024-08-15,Worked on microservices deployment
37,Male,,13.0,Mid,SME,Tier-2,2.0,3.0,1,4.0,409293,46.0,2023-04-19,Built ML pipeline for preprocessing
26,Male,B.Sc,0.0,Senior,Startup,Tier-3,4.0,1.0,1,2.0,42955,51.0,2023-07-28,Worked on microservices deployment
24,Male,M.Sc,2.0,Lead,Enterprise,Tier-2,4.0,2.0,1,1.0,107841,55.0,2023-04-25,Contributed to open-source NLP repo
33,Male,M.Eng,12.0,Mid,SME,Tier-1,5.0,2.0,0,1.0,173228,65.0,2024-05-20,No relevant project mentioned
37,Male,B.Sc,17.0,Senior,SME,Tier-3,6.0,1.0,0,1.0,193995,50.0,2023-11-27,Built ML pipeline for preprocessing
34,Female,B.Sc,13.0,Lead,Enterprise,Tier-1,4.0,1.0,0,0.0,198536,62.0,2023-07-23,Worked on microservices deployment
36,Female,M.Sc,9.0,Junior,Startup,Tier-3,7.0,,0,0.0,129664,49.0,2024-12-13,Built ML pipeline for preprocessing
25,Male,M.Sc,0.0,Junior,Startup,Remote,7.0,0.0,1,0.0,43932,59.0,2024-10-28,Experience in data cleaning and ETL
21,Male,B.Sc,0.0,Senior,Startup,Tier-1,6.0,1.0,0,6.0,55470,52.0,2023-11-11,Contributed to open-source NLP repo
39,Female,M.Sc,17.0,Junior,SME,Tier-1,3.0,2.0,1,0.0,186523,,2023-09-22,Experience in data cleaning and ETL
28,Female,B.Sc,7.0,Junior,Startup,Tier-1,6.0,2.0,1,2.0,106731,51.0,2023-10-16,No relevant project mentioned
28,Male,B.Sc,5.0,Junior,SME,Tier-2,4.0,1.0,1,5.0,74583,62.0,2024-08-04,Built ML pipeline for preprocessing
38,Male,,18.0,Mid,Startup,Remote,5.0,,1,,205170,48.0,2024-11-21,Contributed to open-source NLP repo
33,Male,M.Eng,10.0,Junior,Enterprise,Tier-2,4.0,0.0,0,2.0,115360,68.0,2024-04-25,No relevant project mentioned
33,Male,B.Sc,10.0,Junior,Startup,Tier-1,5.0,3.0,0,3.0,121407,62.0,2024-11-10,No relevant project mentioned
43,Male,B.Sc+Cert,20.0,Lead,Startup,Tier-2,6.0,1.0,0,1.0,240000,54.0,2023-01-06,None
26,Male,B.Sc,3.0,Mid,Startup,Tier-3,3.0,2.0,1,0.0,57811,67.0,2024-10-05,Built ML pipeline for preprocessing
36,Male,M.Sc,15.0,Mid,Enterprise,Tier-1,5.0,0.0,0,4.0,185062,49.0,2023-05-21,None
30,Male,B.Sc,8.0,Junior,SME,Tier-3,3.0,2.0,0,,91075,55.0,2023-10-09,No relevant project mentioned
32,Female,B.Sc+Cert,,Mid,Enterprise,Tier-1,,0.0,0,4.0,112050,70.0,2023-10-17,None
39,Male,B.Sc+Cert,17.0,Mid,Enterprise,Tier-3,5.0,2.0,0,0.0,198084,47.0,2023-07-24,None
33,Male,B.Sc,,Mid,Enterprise,Tier-1,8.0,1.0,0,,142912,55.0,2024-11-23,No relevant project mentioned
33,Male,B.Sc+Cert,9.0,Junior,Enterprise,Tier-1,4.0,,1,2.0,124721,,2024-07-12,No relevant project mentioned
36,Male,M.Eng,12.0,Mid,Startup,Remote,4.0,1.0,0,7.0,164429,87.0,2023-11-28,Built ML pipeline for preprocessing
28,Female,,5.0,Senior,Enterprise,Tier-2,6.0,,0,1.0,131489,60.0,2024-10-09,None
25,Male,B.Sc,0.0,Mid,Enterprise,Tier-1,1.0,1.0,0,6.0,57885,,2024-02-07,Experience in data cleaning and ETL
24,Male,M.Eng,1.0,Mid,Enterprise,Remote,4.0,0.0,0,1.0,87071,55.0,2023-08-21,No relevant project mentioned
20,Female,B.Sc+Cert,0.0,Mid,Startup,Tier-2,3.0,2.0,0,3.0,41287,,2024-12-14,Built ML pipeline for preprocessing
42,Male,B.Sc,23.0,Mid,SME,Tier-1,4.0,0.0,1,2.0,257874,,2023-02-01,Built ML pipeline for preprocessing
23,Female,,0.0,Senior,Startup,Tier-2,,1.0,1,0.0,56613,54.0,2023-07-11,Built ML pipeline for preprocessing
29,Male,B.Sc,,Junior,Startup,Remote,7.0,0.0,0,3.0,87690,,2024-02-11,No relevant project mentioned
28,Male,B.Sc,5.0,Mid,Enterprise,Tier-2,6.0,3.0,1,0.0,104563,68.0,2024-08-25,None
32,Male,B.Sc,8.0,Lead,Enterprise,Tier-1,6.0,1.0,1,1.0,142540,56.0,2024-08-05,Experience in data cleaning and ETL
35,Male,M.Sc,14.0,Senior,SME,Tier-2,4.0,1.0,0,4.0,160679,38.0,2023-10-25,Worked on microservices deployment
35,Female,M.Sc,15.0,Junior,Enterprise,Tier-2,5.0,1.0,0,6.0,177799,66.0,2023-02-04,Worked on microservices deployment
27,Female,B.Sc,4.0,Junior,Startup,Tier-3,4.0,0.0,0,2.0,56392,42.0,2023-08-08,No relevant project mentioned
29,Male,B.Sc+Cert,8.0,Mid,Startup,Tier-1,10.0,,0,2.0,107222,56.0,2024-12-11,Built ML pipeline for preprocessing
32,Male,B.Sc,7.0,Senior,SME,Tier-2,5.0,2.0,0,2.0,107523,62.0,2024-09-09,No relevant project mentioned
29,Female,B.Sc,10.0,Mid,SME,Tier-1,6.0,0.0,0,4.0,134612,59.0,2023-11-28,No relevant project mentioned
40,Female,B.Sc,12.0,Mid,Enterprise,Tier-2,,1.0,1,7.0,157045,47.0,2023-02-21,Built ML pipeline for preprocessing
33,Male,M.Sc,14.0,Junior,SME,Remote,2.0,0.0,0,2.0,150597,46.0,2023-01-17,Experience in data cleaning and ETL
34,Male,B.Sc+Cert,6.0,Mid,SME,Tier-1,2.0,,1,1.0,91777,80.0,2023-01-09,No relevant project mentioned
34,Male,M.Sc,14.0,Mid,SME,Tier-1,3.0,1.0,0,,179273,64.0,2023-06-29,Built ML pipeline for preprocessing
37,Female,M.Eng,14.0,Lead,Startup,Tier-2,6.0,0.0,0,0.0,181741,76.0,2023-01-03,Built ML pipeline for preprocessing
31,Male,B.Sc,7.0,Junior,Enterprise,Tier-3,6.0,0.0,0,5.0,105879,40.0,2023-10-05,No relevant project mentioned
22,Male,B.Sc,4.0,Senior,SME,Tier-1,,1.0,1,7.0,110038,,2024-11-24,Built ML pipeline for preprocessing
32,Female,B.Sc,,Mid,SME,Tier-2,3.0,1.0,0,3.0,88866,67.0,2023-06-16,None
26,Male,B.Sc,3.0,Mid,Enterprise,Remote,8.0,0.0,1,6.0,72098,41.0,2023-09-08,None
27,Male,B.Sc,9.0,Senior,SME,Tier-3,3.0,2.0,0,,138884,70.0,2023-10-01,Worked on microservices deployment
34,Male,M.Sc,13.0,Junior,Enterprise,Tier-3,6.0,1.0,0,2.0,157991,49.0,2024-08-15,Experience in data cleaning and ETL
37,Male,,9.0,Junior,Startup,Tier-1,,0.0,1,2.0,104199,57.0,2023-01-27,None
30,Male,M.Sc,,Senior,Startup,Remote,3.0,2.0,1,2.0,130486,43.0,2023-04-28,Built ML pipeline for preprocessing
32,Male,B.Sc,9.0,Mid,Enterprise,Tier-1,,,0,2.0,145292,62.0,2023-12-18,Built ML pipeline for preprocessing
40,Male,B.Sc,18.0,Junior,Enterprise,Tier-1,,1.0,0,1.0,183824,55.0,2023-07-14,Contributed to open-source NLP repo
31,Male,M.Sc,9.0,Mid,SME,Tier-1,3.0,0.0,0,2.0,122527,47.0,2024-10-14,Worked on microservices deployment
46,Female,B.Sc,23.0,Mid,SME,Tier-2,,1.0,0,3.0,237209,45.0,2023-09-30,Experience in data cleaning and ETL
33,Female,B.Sc+Cert,7.0,Senior,Enterprise,Remote,5.0,1.0,1,4.0,148923,51.0,2023-11-13,Built ML pipeline for preprocessing
20,Male,M.Sc,0.0,Junior,Startup,Tier-1,6.0,0.0,0,3.0,44720,67.0,2024-02-06,Experience in data cleaning and ETL
35,Male,B.Sc,14.0,Senior,Startup,Tier-3,5.0,0.0,1,1.0,154705,69.0,2024-06-12,None
32,Male,B.Sc+Cert,8.0,Junior,SME,Tier-3,4.0,1.0,1,1.0,108127,69.0,2024-11-26,Contributed to open-source NLP repo
38,Male,B.Sc,18.0,Junior,Startup,Tier-2,3.0,2.0,1,,174481,70.0,2023-02-17,None
34,Male,B.Sc,10.0,Junior,Startup,Tier-3,6.0,0.0,0,1.0,80889,49.0,2023-01-16,Contributed to open-source NLP repo
29,Male,M.Sc,6.0,Senior,Enterprise,Tier-1,4.0,2.0,1,2.0,159144,48.0,2024-04-14,Contributed to open-source NLP repo
23,Male,B.Sc,0.0,Junior,Startup,Tier-1,8.0,0.0,1,,44344,53.0,2024-12-05,No relevant project mentioned
29,Male,,4.0,Senior,Enterprise,Remote,5.0,1.0,1,2.0,133970,68.0,2023-10-10,Contributed to open-source NLP repo
25,Male,M.Eng,3.0,Mid,SME,Tier-2,8.0,2.0,1,1.0,78037,43.0,2023-01-14,Built ML pipeline for preprocessing
27,Male,PhD,0.0,Lead,SME,Tier-1,3.0,1.0,0,0.0,117516,57.0,2023-12-14,No relevant project mentioned
34,Male,,10.0,Senior,SME,Tier-2,6.0,,0,1.0,130607,51.0,2024-01-02,Experience in data cleaning and ETL
40,Male,B.Sc,17.0,Mid,SME,Remote,5.0,1.0,0,,163638,52.0,2023-08-16,Contributed to open-source NLP repo
32,Male,M.Sc,7.0,Senior,Startup,Tier-2,4.0,1.0,0,0.0,106282,56.0,2024-09-19,Built ML pipeline for preprocessing
23,Female,B.Sc,2.0,Mid,Startup,Tier-1,6.0,0.0,1,1.0,69585,70.0,2024-01-08,No relevant project mentioned
33,Female,B.Sc,12.0,Senior,Enterprise,Tier-2,,0.0,0,1.0,144418,66.0,2024-06-24,No relevant project mentioned
37,Male,B.Sc,16.0,Junior,Startup,Tier-3,4.0,1.0,0,1.0,149170,47.0,2024-06-23,None
26,Male,B.Sc,2.0,Junior,Startup,Tier-1,4.0,0.0,0,1.0,51598,51.0,2024-02-09,Built ML pipeline for preprocessing
29,Male,B.Sc,3.0,Mid,Enterprise,Tier-1,3.0,1.0,0,1.0,73357,67.0,2024-02-12,Worked on microservices deployment
30,Male,B.Sc+Cert,7.0,Mid,Enterprise,Tier-2,,0.0,0,0.0,122365,50.0,2024-07-11,None
25,Male,B.Sc+Cert,2.0,Mid,SME,Tier-2,6.0,,0,0.0,61742,51.0,2023-03-01,No relevant project mentioned
34,Female,B.Sc,,Mid,Startup,Tier-1,,,1,3.0,108242,,2024-10-21,Built ML pipeline for preprocessing
29,Male,B.Sc,4.0,Mid,Enterprise,Tier-1,7.0,,0,1.0,107769,65.0,2023-02-21,Built ML pipeline for preprocessing
33,Female,B.Sc,9.0,Mid,Enterprise,Tier-1,5.0,0.0,0,,141848,70.0,2023-05-30,Built ML pipeline for preprocessing
25,Male,,1.0,Junior,Startup,Tier-1,,2.0,0,1.0,47002,66.0,2024-10-17,None
27,Male,B.Sc,,Lead,Startup,Tier-1,1.0,0.0,0,7.0,99661,54.0,2024-10-22,Experience in data cleaning and ETL
34,Female,M.Sc,10.0,Senior,Enterprise,Tier-2,6.0,2.0,0,1.0,167854,61.0,2023-06-21,Built ML pipeline for preprocessing
28,Male,B.Sc,6.0,Senior,Enterprise,Tier-2,,4.0,0,2.0,116179,59.0,2023-11-14,Worked on microservices deployment
40,Male,M.Sc,18.0,Mid,Enterprise,Tier-2,6.0,1.0,0,0.0,230442,67.0,2024-10-22,Experience in data cleaning and ETL
28,Male,B.Sc,5.0,Mid,Startup,Tier-2,4.0,1.0,0,2.0,80607,46.0,2024-09-07,No relevant project mentioned
31,Male,M.Sc,,Lead,SME,Tier-1,7.0,0.0,1,2.0,130303,52.0,2024-05-03,No relevant project mentioned
36,Other,B.Sc,12.0,Senior,SME,Tier-2,7.0,1.0,0,0.0,141280,,2024-10-12,Built ML pipeline for preprocessing
21,Male,M.Sc,0.0,Senior,Startup,Tier-1,,2.0,0,0.0,67626,71.0,2024-09-23,Built ML pipeline for preprocessing
20,Other,B.Sc,0.0,Mid,Startup,Tier-1,6.0,0.0,0,7.0,41959,57.0,2024-07-02,No relevant project mentioned
21,Female,,0.0,Mid,Startup,Tier-1,3.0,3.0,1,5.0,62058,53.0,2024-11-14,Contributed to open-source NLP repo
38,Female,B.Sc+Cert,13.0,Senior,SME,Remote,3.0,1.0,1,3.0,184015,67.0,2023-05-04,Built ML pipeline for preprocessing
27,Male,B.Sc,9.0,Junior,SME,Tier-1,9.0,0.0,0,5.0,110435,49.0,2023-10-05,Worked on microservices deployment
45,Male,B.Sc+Cert,24.0,Mid,Enterprise,Remote,6.0,0.0,0,0.0,230033,42.0,2023-07-31,Experience in data cleaning and ETL
27,Female,M.Sc,,Senior,Enterprise,Tier-1,4.0,1.0,0,3.0,128209,,2024-12-06,Experience in data cleaning and ETL
31,Male,B.Sc,7.0,Mid,Enterprise,Tier-2,1.0,2.0,1,1.0,88549,51.0,2024-03-02,No relevant project mentioned
39,Male,B.Sc,17.0,Mid,Enterprise,Tier-3,10.0,0.0,0,2.0,193308,64.0,2024-04-03,None
42,Male,B.Sc,19.0,Mid,Startup,Tier-1,1.0,1.0,0,3.0,189681,84.0,2024-06-16,Contributed to open-source NLP repo
42,Male,M.Sc,22.0,Lead,SME,Tier-1,,1.0,1,0.0,272544,72.0,2024-10-18,Experience in data cleaning and ETL
37,Male,M.Sc,13.0,Mid,SME,Remote,5.0,0.0,0,3.0,163512,57.0,2023-10-19,None
36,Male,B.Sc,15.0,Senior,Startup,Tier-2,6.0,0.0,0,1.0,152516,69.0,2023-05-22,None
34,Male,B.Sc,9.0,Mid,Enterprise,Tier-1,2.0,3.0,1,1.0,134134,46.0,2024-11-07,Worked on microservices deployment
35,Female,M.Eng,18.0,Mid,Startup,Tier-1,2.0,1.0,1,5.0,189657,65.0,2024-01-23,Experience in data cleaning and ETL
27,Male,,3.0,Mid,SME,Remote,2.0,1.0,1,5.0,63043,,2024-10-07,None
25,Female,B.Sc,6.0,Mid,SME,Remote,9.0,0.0,1,0.0,100746,42.0,2023-06-27,Contributed to open-source NLP repo
30,Male,B.Sc+Cert,5.0,Mid,SME,Tier-2,6.0,3.0,1,2.0,112876,67.0,2023-03-26,Built ML pipeline for preprocessing
29,Female,B.Sc,3.0,Mid,SME,Tier-1,5.0,1.0,1,1.0,78856,68.0,2023-07-24,Contributed to open-source NLP repo
27,Male,B.Sc,0.0,Junior,SME,Tier-3,5.0,0.0,0,0.0,25893,,2024-07-03,No relevant project mentioned
34,Female,M.Eng,15.0,Junior,Startup,Tier-1,4.0,3.0,0,5.0,169367,69.0,2023-12-01,Worked on microservices deployment
36,Male,B.Sc,14.0,Junior,Startup,Tier-2,7.0,2.0,0,0.0,133578,47.0,2024-01-24,No relevant project mentioned
31,Female,B.Sc,5.0,Senior,Enterprise,Tier-2,7.0,,1,0.0,102368,71.0,2023-06-15,Contributed to open-source NLP repo
39,Male,B.Sc,,Junior,Startup,Tier-1,5.0,2.0,0,0.0,183526,66.0,2024-06-19,Contributed to open-source NLP repo
23,Female,,3.0,Junior,Startup,Tier-2,6.0,1.0,0,1.0,60108,,2024-06-13,None
29,Other,M.Eng,10.0,Junior,SME,Remote,10.0,2.0,0,0.0,133291,57.0,2024-11-02,No relevant project mentioned
26,Male,B.Sc,1.0,Mid,Startup,Tier-3,2.0,1.0,0,2.0,37778,71.0,2023-08-10,Built ML pipeline for preprocessing
20,Male,B.Sc,,Junior,SME,Tier-1,3.0,2.0,1,1.0,42762,59.0,2024-09-05,None
30,Female,,9.0,Mid,SME,Tier-1,7.0,,0,1.0,121141,62.0,2023-11-24,None
29,Male,M.Sc,9.0,Junior,Enterprise,Tier-1,10.0,2.0,1,0.0,123266,64.0,2024-08-23,No relevant project mentioned
39,Female,B.Sc,16.0,Senior,Enterprise,Tier-1,6.0,0.0,0,1.0,184738,62.0,2024-10-31,No relevant project mentioned
34,Male,M.Sc,11.0,Lead,Startup,Tier-2,1.0,0.0,0,1.0,153111,52.0,2024-08-22,None
24,Male,B.Sc,4.0,Lead,SME,Tier-2,,0.0,1,1.0,108130,53.0,2024-02-18,None
41,Female,B.Sc,21.0,Mid,Startup,Tier-1,7.0,1.0,0,0.0,211564,51.0,2023-05-13,No relevant project mentioned
37,Male,B.Sc,16.0,Mid,Startup,Tier-1,1.0,1.0,0,,166610,43.0,2023-06-28,None
33,Female,B.Sc,10.0,Mid,SME,Tier-1,8.0,0.0,1,1.0,120811,55.0,2023-10-16,None
29,Male,B.Sc+Cert,6.0,Mid,Startup,Tier-2,7.0,0.0,0,3.0,82092,68.0,2024-09-18,Built ML pipeline for preprocessing
24,Male,B.Sc,,Mid,SME,Tier-2,6.0,1.0,1,0.0,47407,63.0,2023-12-15,No relevant project mentioned
28,Male,B.Sc,5.0,Junior,Enterprise,Tier-2,4.0,1.0,1,1.0,90767,50.0,2023-10-14,Worked on microservices deployment
37,Male,B.Sc,16.0,Senior,Enterprise,Tier-3,5.0,0.0,0,2.0,182794,54.0,2023-12-30,No relevant project mentioned
41,Male,B.Sc,19.0,Junior,Enterprise,Tier-3,,1.0,0,6.0,182662,63.0,2023-03-24,None
39,Male,B.Sc,13.0,Mid,Startup,Tier-2,3.0,2.0,0,4.0,143098,73.0,2023-08-25,Contributed to open-source NLP repo
27,Male,B.Sc,6.0,Mid,SME,Tier-1,2.0,3.0,0,5.0,91987,69.0,2024-03-13,Experience in data cleaning and ETL
23,Male,B.Sc,5.0,Mid,Startup,Tier-2,3.0,0.0,0,4.0,66820,56.0,2023-08-27,Experience in data cleaning and ETL
31,Female,M.Sc,6.0,Senior,SME,Tier-1,6.0,1.0,0,2.0,129027,61.0,2024-03-20,Experience in data cleaning and ETL
20,Male,B.Sc,0.0,Mid,Startup,Tier-1,5.0,,1,5.0,44834,51.0,2023-03-07,Contributed to open-source NLP repo
32,Male,B.Sc,9.0,Mid,Startup,Remote,3.0,5.0,1,2.0,127882,57.0,2024-10-21,Contributed to open-source NLP repo
29,Male,B.Sc+Cert,5.0,Mid,SME,Tier-1,,1.0,1,1.0,103908,66.0,2024-12-16,Built ML pipeline for preprocessing
27,Male,B.Sc,6.0,Junior,Enterprise,Tier-2,6.0,0.0,0,1.0,86279,55.0,2023-04-24,Worked on microservices deployment
20,Female,B.Sc,0.0,Mid,Enterprise,Tier-2,3.0,1.0,0,2.0,51432,69.0,2023-07-08,Contributed to open-source NLP repo
33,Male,B.Sc,10.0,Lead,SME,Tier-1,4.0,1.0,0,4.0,179844,63.0,2024-08-18,Worked on microservices deployment
27,Male,B.Sc,5.0,Lead,SME,Tier-1,4.0,1.0,1,0.0,510836,41.0,2023-10-03,Worked on microservices deployment
23,Male,M.Sc,0.0,Mid,SME,Tier-2,5.0,0.0,1,0.0,57463,51.0,2024-09-03,Built ML pipeline for preprocessing
20,Male,B.Sc,1.0,Junior,SME,Tier-1,7.0,1.0,1,4.0,54666,46.0,2023-10-29,Worked on microservices deployment
30,Female,M.Sc,7.0,Junior,Startup,Tier-1,11.0,1.0,0,2.0,115350,53.0,2024-12-10,None
41,Male,B.Sc,17.0,Mid,Enterprise,Remote,10.0,2.0,0,4.0,198742,64.0,2024-06-29,No relevant project mentioned
40,Female,B.Sc,18.0,Senior,SME,Tier-2,1.0,0.0,0,7.0,179483,,2024-08-13,No relevant project mentioned
27,Male,M.Sc,4.0,Mid,Startup,Tier-1,5.0,0.0,0,1.0,90053,59.0,2024-10-04,Contributed to open-source NLP repo
26,Male,B.Sc,4.0,Senior,Startup,Tier-1,2.0,2.0,1,0.0,90565,59.0,2024-08-06,Contributed to open-source NLP repo
33,Female,M.Sc,,Mid,Startup,Tier-2,2.0,0.0,0,1.0,127040,76.0,2024-10-12,Contributed to open-source NLP repo
24,Male,B.Sc,1.0,Junior,SME,Tier-1,1.0,1.0,1,5.0,44966,67.0,2024-11-16,Built ML pipeline for preprocessing
32,Male,M.Sc,7.0,Junior,Enterprise,Tier-1,5.0,0.0,1,0.0,122638,65.0,2024-04-24,No relevant project mentioned
35,Male,B.Sc,7.0,Junior,SME,Tier-2,3.0,0.0,0,,92483,57.0,2024-03-01,No relevant project mentioned
37,Male,B.Sc+Cert,14.0,Mid,SME,Tier-1,3.0,2.0,1,0.0,164557,76.0,2023-01-17,None
29,Male,B.Sc,1.0,Junior,Enterprise,Tier-2,5.0,0.0,0,1.0,50012,55.0,2023-02-16,No relevant project mentioned
29,Male,B.Sc+Cert,6.0,Mid,Startup,Tier-2,4.0,1.0,1,1.0,100491,51.0,2023-01-30,Experience in data cleaning and ETL
25,Male,B.Sc,3.0,Mid,Startup,Tier-1,5.0,1.0,1,4.0,68036,51.0,2024-01-27,Contributed to open-source NLP repo
25,Male,M.Sc,0.0,Junior,SME,Tier-1,6.0,0.0,0,3.0,51961,66.0,2023-02-09,Worked on microservices deployment
29,Male,B.Sc,6.0,Junior,Enterprise,Tier-2,4.0,3.0,0,4.0,104686,76.0,2024-12-11,Built ML pipeline for preprocessing
32,Male,B.Sc+Cert,8.0,Junior,SME,Tier-2,3.0,2.0,1,1.0,91738,71.0,2024-10-29,Worked on microservices deployment
35,Male,B.Sc,12.0,Mid,SME,Tier-1,7.0,1.0,0,2.0,154939,,2023-10-11,Built ML pipeline for preprocessing
25,Male,B.Sc,2.0,Mid,Enterprise,Tier-1,2.0,3.0,1,2.0,86545,64.0,2023-02-28,Built ML pipeline for preprocessing
39,Female,B.Sc,17.0,Junior,Enterprise,Remote,7.0,1.0,0,2.0,184203,,2023-11-26,None
28,Male,B.Sc,6.0,Senior,Startup,Tier-1,6.0,2.0,0,1.0,125915,48.0,2024-12-26,Built ML pipeline for preprocessing
30,Female,B.Sc,6.0,Mid,Enterprise,Remote,,1.0,1,3.0,113228,52.0,2023-09-20,No relevant project mentioned
26,Male,B.Sc+Cert,3.0,Mid,Startup,Tier-1,,1.0,0,2.0,75803,59.0,2023-11-20,Built ML pipeline for preprocessing
20,Male,PhD,0.0,Mid,SME,Tier-1,,1.0,0,0.0,77962,56.0,2023-01-24,Worked on microservices deployment
35,Male,B.Sc,,Senior,Startup,Tier-2,4.0,1.0,1,0.0,124495,66.0,2023-12-20,None
34,Male,B.Sc+Cert,13.0,Mid,SME,Tier-1,8.0,1.0,0,0.0,165955,73.0,2023-02-23,Contributed to open-source NLP repo
28,Male,B.Sc,,Mid,SME,Tier-1,5.0,0.0,0,0.0,80316,42.0,2024-11-14,Built ML pipeline for preprocessing
30,Male,B.Sc,8.0,Mid,Enterprise,Tier-1,8.0,2.0,0,1.0,137978,60.0,2023-11-01,Worked on microservices deployment
33,Male,M.Sc,,Senior,SME,Remote,,3.0,1,1.0,140582,51.0,2023-11-15,Built ML pipeline for preprocessing
21,Female,M.Sc,0.0,Mid,SME,Tier-1,2.0,0.0,0,0.0,57604,61.0,2024-12-21,Built ML pipeline for preprocessing
27,Male,PhD,8.0,Mid,Startup,Tier-2,2.0,0.0,1,2.0,110864,48.0,2023-02-14,No relevant project mentioned
35,Male,B.Sc,15.0,Senior,Enterprise,Tier-3,6.0,2.0,0,7.0,171604,65.0,2023-12-28,No relevant project mentioned
22,Female,M.Sc,0.0,Senior,Enterprise,Tier-3,,1.0,0,0.0,70550,64.0,2024-04-05,None
32,Male,B.Sc,12.0,Junior,Startup,Tier-2,6.0,3.0,0,1.0,130933,,2023-01-07,No relevant project mentioned
22,Male,B.Sc,0.0,Junior,Enterprise,Tier-1,3.0,1.0,1,1.0,58922,70.0,2023-09-16,Experience in data cleaning and ETL
33,Male,B.Sc,10.0,Junior,SME,Tier-1,2.0,0.0,0,2.0,115399,69.0,2023-03-29,Worked on microservices deployment
30,Female,PhD,9.0,Senior,SME,Tier-1,7.0,0.0,0,2.0,142415,,2023-07-08,Contributed to open-source NLP repo
20,Female,M.Eng,0.0,Mid,Enterprise,Tier-1,3.0,0.0,0,2.0,73647,64.0,2024-03-30,None
37,Male,M.Sc,16.0,Junior,Startup,Tier-1,6.0,1.0,0,3.0,185413,58.0,2024-06-25,Built ML pipeline for preprocessing
26,Male,,5.0,Junior,Enterprise,Tier-1,5.0,0.0,0,4.0,78512,49.0,2024-05-31,No relevant project mentioned
25,Female,B.Sc,5.0,Junior,SME,Remote,7.0,1.0,0,7.0,78110,60.0,2023-12-26,None
31,Male,B.Sc,9.0,Junior,Startup,Remote,4.0,1.0,0,1.0,110579,55.0,2024-01-04,Worked on microservices deployment
37,Male,B.Sc,16.0,Junior,Enterprise,Tier-1,9.0,1.0,1,7.0,181111,67.0,2023-07-19,No relevant project mentioned
24,Male,B.Sc,0.0,Mid,Enterprise,Tier-1,4.0,2.0,0,3.0,60586,51.0,2023-01-07,No relevant project mentioned
30,Male,M.Sc,7.0,Junior,Startup,Tier-1,7.0,0.0,0,3.0,110914,78.0,2024-11-09,Worked on microservices deployment
33,Male,,9.0,Junior,Startup,Tier-1,,2.0,0,2.0,105647,73.0,2024-01-21,Contributed to open-source NLP repo
34,Male,B.Sc,13.0,Senior,Enterprise,Tier-1,4.0,0.0,0,5.0,165175,,2024-11-13,Experience in data cleaning and ETL
31,Male,B.Sc,10.0,Senior,Startup,Remote,1.0,3.0,0,6.0,138350,57.0,2024-01-31,None
28,Male,B.Sc,6.0,Junior,Enterprise,Tier-1,7.0,1.0,0,0.0,109531,54.0,2024-06-23,Worked on microservices deployment
25,Female,B.Sc,0.0,Junior,Enterprise,Tier-1,,2.0,1,2.0,52143,50.0,2024-09-11,No relevant project mentioned
31,Male,B.Sc+Cert,7.0,Mid,SME,Tier-1,7.0,1.0,0,6.0,109141,58.0,2023-05-27,None
24,Male,,0.0,Mid,SME,Remote,,1.0,0,1.0,58992,59.0,2023-10-11,Experience in data cleaning and ETL
20,Male,M.Eng,0.0,Junior,SME,Remote,6.0,0.0,0,0.0,45587,48.0,2023-04-09,Contributed to open-source NLP repo
33,Male,B.Sc,,Junior,SME,Tier-3,,0.0,1,0.0,107719,51.0,2024-08-10,Contributed to open-source NLP repo
35,Male,B.Sc,8.0,Junior,Enterprise,Tier-2,5.0,0.0,0,2.0,98941,,2024-08-26,Built ML pipeline for preprocessing
20,Male,B.Sc,0.0,Mid,Enterprise,Tier-1,3.0,1.0,0,3.0,62845,64.0,2024-05-21,Built ML pipeline for preprocessing
24,Female,B.Sc+Cert,4.0,Senior,SME,Tier-1,7.0,2.0,0,0.0,113552,69.0,2024-04-18,No relevant project mentioned
34,Female,M.Sc,,Senior,SME,Tier-2,5.0,2.0,1,3.0,167707,58.0,2024-12-10,Contributed to open-source NLP repo
42,Male,B.Sc,18.0,Mid,Startup,Tier-3,4.0,0.0,0,5.0,177469,64.0,2023-05-27,Built ML pipeline for preprocessing
30,Male,B.Sc,8.0,Mid,SME,Tier-1,6.0,1.0,0,0.0,114681,63.0,2024-07-29,None
26,Male,B.Sc,1.0,Mid,SME,Tier-1,2.0,0.0,0,0.0,50920,61.0,2024-05-17,No relevant project mentioned
29,Female,M.Sc,,Mid,SME,Tier-2,6.0,2.0,1,4.0,111671,62.0,2023-02-19,Built ML pipeline for preprocessing
38,Female,B.Sc+Cert,14.0,Junior,Startup,Tier-1,,1.0,0,5.0,163056,56.0,2024-06-05,Experience in data cleaning and ETL
26,Male,M.Sc,0.0,Mid,Enterprise,Tier-2,3.0,1.0,1,0.0,52647,45.0,2023-08-13,No relevant project mentioned
25,Male,B.Sc,4.0,Senior,SME,Tier-1,4.0,1.0,1,3.0,89849,52.0,2023-03-23,Experience in data cleaning and ETL
27,Female,B.Sc,3.0,Mid,Enterprise,Tier-1,5.0,3.0,0,2.0,87170,69.0,2023-07-01,Worked on microservices deployment
24,Male,B.Sc,0.0,Senior,Enterprise,Tier-2,4.0,0.0,0,0.0,55486,60.0,2024-06-05,Worked on microservices deployment
31,Male,B.Sc,12.0,Mid,SME,Remote,8.0,0.0,0,4.0,149668,63.0,2023-12-26,Contributed to open-source NLP repo
40,Male,B.Sc,17.0,Mid,SME,Tier-1,,0.0,0,2.0,163955,66.0,2023-08-23,Built ML pipeline for preprocessing
32,Male,M.Sc,9.0,Junior,SME,Tier-1,6.0,2.0,1,3.0,142383,77.0,2023-11-22,Experience in data cleaning and ETL
28,Female,M.Sc,7.0,Mid,Startup,Tier-1,4.0,1.0,0,1.0,127354,59.0,2024-04-11,Worked on microservices deployment
28,Female,B.Sc,4.0,Senior,Enterprise,Tier-2,,1.0,0,4.0,94341,45.0,2024-03-22,Worked on microservices deployment
21,Male,M.Eng,1.0,Mid,Startup,Tier-3,6.0,0.0,0,1.0,44473,53.0,2024-06-29,Contributed to open-source NLP repo
35,Male,B.Sc,11.0,Junior,SME,Tier-1,3.0,0.0,1,1.0,137706,51.0,2023-02-12,Worked on microservices deployment
30,Male,B.Sc,9.0,Junior,Startup,Tier-1,,2.0,0,1.0,103992,,2024-01-17,Worked on microservices deployment
29,Male,B.Sc,4.0,Mid,Enterprise,Remote,7.0,1.0,0,0.0,84919,51.0,2023-05-13,None
49,Male,B.Sc,24.0,Mid,SME,Tier-3,6.0,0.0,0,5.0,228238,55.0,2024-02-07,Worked on microservices deployment
32,Male,B.Sc,7.0,Mid,SME,Tier-2,5.0,1.0,1,0.0,88539,53.0,2024-09-16,Built ML pipeline for preprocessing
25,Male,B.Sc,,Lead,SME,Tier-1,5.0,,0,2.0,94005,55.0,2024-01-05,None
27,Male,,6.0,Mid,Enterprise,Tier-1,,0.0,0,,99694,54.0,2023-02-23,No relevant project mentioned
37,Male,PhD,16.0,Mid,Startup,Tier-3,10.0,1.0,1,2.0,181059,39.0,2024-10-15,Contributed to open-source NLP repo
31,Male,B.Sc,5.0,Junior,SME,Tier-2,6.0,2.0,0,1.0,67732,56.0,2024-07-14,None
21,Male,B.Sc,0.0,Junior,SME,Tier-2,5.0,2.0,0,4.0,33702,59.0,2023-06-08,Contributed to open-source NLP repo
36,Male,B.Sc,15.0,Mid,Startup,Tier-1,2.0,0.0,1,2.0,155154,65.0,2023-05-18,Experience in data cleaning and ETL
26,Other,M.Sc,5.0,Senior,Startup,Tier-2,,1.0,0,0.0,97793,72.0,2024-06-16,No relevant project mentioned
41,Male,B.Sc,17.0,Mid,Startup,Tier-3,7.0,2.0,0,1.0,171835,68.0,2023-09-11,Worked on microservices deployment
36,Male,M.Eng,7.0,Mid,Startup,Remote,7.0,0.0,0,2.0,122436,,2023-10-29,Experience in data cleaning and ETL
27,Female,B.Sc,6.0,Junior,SME,Tier-1,1.0,2.0,1,3.0,83300,57.0,2024-12-15,No relevant project mentioned
38,Other,B.Sc,16.0,Lead,Startup,Tier-2,4.0,1.0,1,2.0,199357,62.0,2024-09-10,None
30,Male,M.Sc,9.0,Lead,SME,Tier-2,4.0,0.0,0,1.0,163057,56.0,2023-03-15,Contributed to open-source NLP repo
35,Female,B.Sc,13.0,Mid,Startup,Remote,7.0,0.0,0,2.0,146991,70.0,2024-06-15,No relevant project mentioned
33,Male,B.Sc,9.0,Junior,Startup,Tier-3,4.0,0.0,0,1.0,95874,,2023-10-04,Worked on microservices deployment
25,Male,B.Sc,2.0,Mid,Enterprise,Remote,,3.0,0,0.0,77146,50.0,2024-02-25,Built ML pipeline for preprocessing
26,Male,M.Sc,0.0,Senior,SME,Remote,5.0,2.0,1,6.0,73341,,2023-02-26,Contributed to open-source NLP repo
36,Male,B.Sc,16.0,Mid,Startup,Tier-1,3.0,0.0,1,1.0,184139,72.0,2024-07-22,No relevant project mentioned
28,Male,B.Sc,5.0,Mid,SME,Tier-3,8.0,3.0,0,1.0,84181,54.0,2023-03-10,None
28,Male,PhD,8.0,Junior,Startup,Tier-2,5.0,0.0,1,5.0,97791,47.0,2023-07-17,Worked on microservices deployment
24,Male,B.Sc,1.0,Junior,Startup,Tier-1,7.0,0.0,0,0.0,48631,69.0,2023-06-01,Contributed to open-source NLP repo
33,Male,M.Eng,10.0,Junior,Startup,Tier-1,7.0,0.0,0,2.0,125103,44.0,2024-12-20,Experience in data cleaning and ETL
42,Male,M.Sc,19.0,Senior,Enterprise,Tier-1,2.0,0.0,1,4.0,251281,77.0,2023-07-07,No relevant project mentioned
24,Male,B.Sc,2.0,Mid,Enterprise,Tier-3,2.0,2.0,0,1.0,45952,82.0,2024-10-24,Contributed to open-source NLP repo
30,Male,B.Sc,7.0,Senior,Enterprise,Tier-1,8.0,1.0,0,4.0,138083,82.0,2023-02-16,None
38,Female,B.Sc,15.0,Junior,Enterprise,Remote,3.0,0.0,0,3.0,177457,40.0,2024-05-14,No relevant project mentioned
30,Female,,5.0,Senior,Enterprise,Tier-2,5.0,0.0,0,2.0,112960,68.0,2024-12-20,None
33,Female,,11.0,Senior,Enterprise,Tier-2,5.0,0.0,0,0.0,149730,70.0,2023-08-31,Worked on microservices deployment
24,Male,M.Sc,6.0,Junior,SME,Tier-1,2.0,0.0,1,7.0,100621,46.0,2023-06-29,Experience in data cleaning and ETL
33,Female,B.Sc+Cert,11.0,Senior,SME,Tier-2,4.0,1.0,0,2.0,124067,34.0,2023-05-21,None
29,Male,M.Sc,7.0,Junior,Startup,Tier-2,8.0,0.0,0,2.0,98730,67.0,2024-05-13,Contributed to open-source NLP repo
36,Male,B.Sc,9.0,Junior,SME,Tier-1,14.0,1.0,0,5.0,122374,47.0,2023-01-08,No relevant project mentioned
37,Male,B.Sc,18.0,Junior,SME,Tier-3,,4.0,1,1.0,183792,,2023-04-12,Contributed to open-source NLP repo
46,Male,M.Eng,25.0,Senior,Enterprise,Tier-2,7.0,0.0,0,2.0,337886,,2023-06-09,None
33,Male,B.Sc,8.0,Senior,SME,Tier-1,4.0,1.0,1,5.0,133543,62.0,2024-04-14,Built ML pipeline for preprocessing
32,Male,B.Sc,,Junior,SME,Tier-3,3.0,0.0,0,1.0,93936,65.0,2024-10-18,Experience in data cleaning and ETL
31,Female,M.Sc,8.0,Mid,SME,Tier-1,8.0,0.0,0,4.0,131582,67.0,2023-01-05,Built ML pipeline for preprocessing
28,Male,B.Sc,5.0,Mid,Startup,Tier-2,6.0,1.0,1,1.0,85603,65.0,2024-01-14,Contributed to open-source NLP repo
32,Male,B.Sc+Cert,12.0,Senior,SME,Tier-2,4.0,,0,3.0,127589,,2024-01-16,Built ML pipeline for preprocessing
28,Female,M.Sc,5.0,Junior,SME,Tier-1,5.0,1.0,0,,91586,60.0,2024-08-28,Built ML pipeline for preprocessing
31,Male,B.Sc,8.0,Mid,SME,Tier-2,4.0,2.0,1,0.0,94869,59.0,2024-12-29,Built ML pipeline for preprocessing
38,Male,B.Sc+Cert,14.0,Mid,SME,Tier-2,2.0,1.0,0,0.0,154457,58.0,2024-11-14,None
24,Male,B.Sc,1.0,Junior,Startup,Tier-2,7.0,1.0,1,1.0,48763,67.0,2024-10-11,Built ML pipeline for preprocessing
37,Male,B.Sc,,Mid,SME,Tier-1,9.0,1.0,0,3.0,178069,59.0,2023-10-31,None
38,Male,B.Sc,15.0,Mid,SME,Tier-1,7.0,0.0,1,2.0,176183,74.0,2023-06-05,Contributed to open-source NLP repo
29,Male,B.Sc,5.0,Junior,SME,Tier-1,6.0,0.0,1,5.0,85676,60.0,2023-10-27,None
20,Male,B.Sc,3.0,Lead,SME,Remote,5.0,2.0,0,1.0,102741,65.0,2024-11-01,No relevant project mentioned
26,Male,B.Sc,2.0,Junior,Startup,Tier-1,1.0,0.0,0,4.0,45736,68.0,2023-09-29,Experience in data cleaning and ETL
38,Male,B.Sc,15.0,Lead,Startup,Tier-2,3.0,1.0,0,0.0,146044,57.0,2023-05-03,Built ML pipeline for preprocessing
30,Male,B.Sc,8.0,Junior,SME,Remote,4.0,4.0,1,1.0,111422,64.0,2024-05-25,None
24,Male,M.Sc,4.0,Junior,SME,Tier-3,6.0,2.0,1,0.0,70510,57.0,2023-10-06,Contributed to open-source NLP repo
27,Female,M.Eng,4.0,Junior,SME,Tier-3,5.0,2.0,0,5.0,64666,62.0,2024-01-02,Experience in data cleaning and ETL
35,Male,B.Sc,8.0,Senior,Enterprise,Remote,6.0,2.0,0,2.0,141165,55.0,2024-06-16,Experience in data cleaning and ETL
33,Male,B.Sc,10.0,Senior,Startup,Tier-1,,1.0,0,1.0,141963,64.0,2024-12-20,Built ML pipeline for preprocessing
29,Male,B.Sc,7.0,Junior,Startup,Tier-1,4.0,2.0,1,2.0,82223,41.0,2024-09-21,No relevant project mentioned
28,Male,B.Sc,6.0,Junior,SME,Tier-1,2.0,3.0,1,2.0,90029,66.0,2023-05-03,None
28,Male,M.Sc,,Mid,SME,Tier-1,7.0,0.0,0,4.0,134192,51.0,2024-12-13,Built ML pipeline for preprocessing
24,Male,M.Sc,3.0,Mid,SME,Tier-2,8.0,1.0,1,2.0,74840,48.0,2024-01-21,Worked on microservices deployment
40,Female,,20.0,Senior,Enterprise,Tier-1,7.0,3.0,0,1.0,249088,52.0,2024-02-01,Built ML pipeline for preprocessing
28,Female,,3.0,Junior,Enterprise,Tier-3,5.0,0.0,1,6.0,54214,,2023-10-28,Built ML pipeline for preprocessing
37,Male,B.Sc,13.0,Mid,Startup,Tier-1,4.0,2.0,0,6.0,168780,76.0,2024-01-29,No relevant project mentioned
39,Female,,,Mid,Enterprise,Tier-1,4.0,2.0,1,0.0,222550,68.0,2024-08-25,Built ML pipeline for preprocessing
36,Male,B.Sc,11.0,Lead,Startup,Tier-2,4.0,0.0,1,3.0,134632,,2024-08-15,Experience in data cleaning and ETL
27,Male,PhD,0.0,Mid,SME,Tier-1,3.0,0.0,1,1.0,77796,53.0,2023-08-04,Contributed to open-source NLP repo
32,Male,M.Sc,12.0,Junior,SME,Tier-3,2.0,0.0,1,3.0,115284,71.0,2023-01-01,Contributed to open-source NLP repo
30,Male,B.Sc,7.0,Junior,SME,Remote,8.0,1.0,0,,83448,67.0,2023-05-24,No relevant project mentioned
25,Female,M.Sc,3.0,Mid,Startup,Tier-3,2.0,2.0,1,1.0,63336,81.0,2023-09-07,Worked on microservices deployment
32,Male,B.Sc+Cert,10.0,Mid,SME,Tier-1,3.0,2.0,1,7.0,130245,52.0,2023-06-20,Worked on microservices deployment
23,Male,M.Sc,1.0,Senior,SME,Remote,10.0,0.0,0,1.0,87669,60.0,2023-05-14,Worked on microservices deployment
37,Female,B.Sc,17.0,Mid,Startup,Tier-1,3.0,1.0,0,2.0,154132,56.0,2023-03-17,Worked on microservices deployment
27,Male,B.Sc,0.0,Mid,Startup,Tier-3,3.0,1.0,1,4.0,30576,51.0,2024-04-24,No relevant project mentioned
31,Male,M.Eng,6.0,Mid,SME,Tier-1,7.0,0.0,0,0.0,129495,45.0,2024-09-15,Built ML pipeline for preprocessing
32,Male,M.Sc,8.0,Mid,SME,Tier-1,3.0,1.0,0,1.0,140850,58.0,2023-09-24,Experience in data cleaning and ETL
28,Female,M.Sc,,Junior,SME,Remote,7.0,2.0,1,0.0,107034,76.0,2024-04-10,Experience in data cleaning and ETL
34,Female,B.Sc+Cert,15.0,Junior,Startup,Tier-1,,0.0,0,4.0,186563,49.0,2024-03-25,Built ML pipeline for preprocessing
27,Male,B.Sc+Cert,5.0,Mid,Enterprise,Tier-3,4.0,0.0,1,4.0,83617,56.0,2023-04-06,Worked on microservices deployment
35,Male,,12.0,Junior,Startup,Tier-1,5.0,3.0,0,,107935,63.0,2023-10-03,None
22,Male,B.Sc,0.0,Junior,Enterprise,Tier-3,4.0,5.0,0,0.0,45492,,2024-07-03,No relevant project mentioned
31,Female,B.Sc,6.0,Junior,SME,Remote,4.0,1.0,0,,77225,54.0,2023-11-08,No relevant project mentioned
42,Male,,21.0,Junior,SME,Tier-2,5.0,1.0,0,3.0,244974,52.0,2023-12-13,None
24,Male,M.Sc,6.0,Junior,Enterprise,Tier-2,,0.0,1,2.0,100562,67.0,2023-09-24,Worked on microservices deployment
26,Female,M.Sc,3.0,Mid,Startup,Tier-2,4.0,2.0,1,1.0,82530,67.0,2023-10-01,None
33,Male,B.Sc,10.0,Mid,Startup,Remote,8.0,0.0,0,1.0,120592,50.0,2024-08-15,Built ML pipeline for preprocessing
31,Male,M.Sc,8.0,Mid,SME,Tier-1,5.0,2.0,1,2.0,126511,77.0,2023-04-08,Contributed to open-source NLP repo
32,Male,M.Sc,11.0,Mid,Startup,Tier-2,9.0,1.0,1,0.0,149184,60.0,2024-07-10,No relevant project mentioned
33,Female,B.Sc,9.0,Lead,SME,Tier-1,3.0,1.0,1,0.0,160568,62.0,2024-10-27,Worked on microservices deployment
34,Male,B.Sc,14.0,Junior,Startup,Tier-1,2.0,0.0,1,0.0,132078,53.0,2023-11-11,Worked on microservices deployment
37,Male,B.Sc,14.0,Mid,Enterprise,Tier-1,6.0,0.0,0,2.0,173319,56.0,2023-05-14,Experience in data cleaning and ETL
32,Male,B.Sc,9.0,Junior,SME,Tier-2,5.0,1.0,0,0.0,101499,57.0,2024-07-08,Experience in data cleaning and ETL
29,Male,B.Sc,7.0,Mid,Startup,Remote,8.0,1.0,1,1.0,104784,,2023-04-04,Contributed to open-source NLP repo
34,Male,B.Sc,9.0,Senior,Enterprise,Tier-1,4.0,0.0,1,2.0,150780,46.0,2023-06-29,No relevant project mentioned
41,Male,B.Sc,22.0,Mid,SME,Tier-2,8.0,0.0,0,,222321,48.0,2023-09-13,Built ML pipeline for preprocessing
29,Other,M.Sc,9.0,Mid,SME,Tier-2,7.0,2.0,1,2.0,132180,54.0,2023-01-17,None
24,Male,M.Sc,0.0,Mid,SME,Tier-2,3.0,0.0,0,0.0,46856,47.0,2024-09-20,None
37,Male,M.Eng,,Mid,SME,Remote,6.0,1.0,0,,162392,69.0,2024-07-11,No relevant project mentioned
29,Male,B.Sc,7.0,Junior,SME,Tier-1,8.0,2.0,0,0.0,96938,41.0,2024-11-11,Worked on microservices deployment
20,Male,B.Sc,0.0,Mid,SME,Tier-1,7.0,1.0,0,1.0,61212,54.0,2023-05-21,None
35,Female,B.Sc+Cert,13.0,Mid,Startup,Tier-1,1.0,2.0,1,,152046,,2024-01-25,Worked on microservices deployment
27,Male,B.Sc,4.0,Junior,Enterprise,Remote,,0.0,0,2.0,80587,55.0,2024-12-26,No relevant project mentioned
29,Male,PhD,7.0,Junior,Enterprise,Remote,5.0,1.0,0,3.0,118697,70.0,2024-11-20,Worked on microservices deployment
32,Male,M.Eng,8.0,Senior,Startup,Tier-1,2.0,2.0,0,1.0,130088,54.0,2023-02-17,Contributed to open-source NLP repo
31,Male,B.Sc,10.0,Junior,Enterprise,Tier-1,8.0,0.0,0,0.0,141309,55.0,2024-09-02,Worked on microservices deployment
34,Male,PhD,14.0,Junior,SME,Tier-2,5.0,1.0,0,1.0,172101,68.0,2023-09-19,No relevant project mentioned
27,Male,B.Sc,,Mid,Startup,Tier-3,2.0,0.0,1,1.0,91889,59.0,2024-07-23,No relevant project mentioned
33,Female,B.Sc,10.0,Junior,Startup,Tier-2,3.0,0.0,0,1.0,90521,77.0,2023-09-10,Worked on microservices deployment
28,Female,M.Sc,6.0,Mid,Startup,Remote,6.0,3.0,1,0.0,101987,68.0,2024-12-03,No relevant project mentioned
34,Male,B.Sc,8.0,Mid,Enterprise,Tier-3,8.0,1.0,0,1.0,109917,51.0,2024-05-27,Worked on microservices deployment
34,Female,B.Sc+Cert,14.0,Senior,SME,Remote,5.0,1.0,1,2.0,169323,60.0,2023-06-05,Worked on microservices deployment
24,Male,,0.0,Junior,SME,Tier-2,7.0,1.0,0,6.0,99165,61.0,2024-08-25,Contributed to open-source NLP repo
37,Male,B.Sc,16.0,Mid,Startup,Tier-1,2.0,0.0,0,3.0,178196,52.0,2023-07-29,Contributed to open-source NLP repo
27,Male,M.Sc,3.0,Senior,SME,Tier-3,5.0,1.0,1,4.0,81541,44.0,2023-11-20,None
35,Male,M.Sc,12.0,Junior,SME,Tier-2,4.0,0.0,1,1.0,158108,63.0,2023-02-10,None
32,Male,B.Sc,8.0,Junior,Enterprise,Tier-1,5.0,1.0,0,0.0,112471,50.0,2023-12-28,Built ML pipeline for preprocessing
41,Male,B.Sc,19.0,Senior,Enterprise,Tier-1,5.0,0.0,0,1.0,232656,61.0,2024-01-07,Experience in data cleaning and ETL
29,Male,M.Eng,7.0,Junior,SME,Tier-2,3.0,1.0,0,1.0,92660,66.0,2024-02-20,Built ML pipeline for preprocessing
28,Male,B.Sc,1.0,Mid,SME,Tier-2,6.0,1.0,0,3.0,57748,64.0,2024-09-26,Built ML pipeline for preprocessing
30,Male,M.Eng,6.0,Junior,SME,Tier-2,12.0,0.0,0,6.0,95669,76.0,2024-12-09,No relevant project mentioned
28,Female,M.Sc,2.0,Junior,Enterprise,Tier-1,6.0,,0,4.0,78505,52.0,2024-10-23,No relevant project mentioned
35,Male,M.Sc,12.0,Junior,Startup,Tier-2,4.0,1.0,1,1.0,124161,45.0,2024-01-12,None
20,Male,M.Sc,0.0,Mid,SME,Tier-1,4.0,0.0,1,4.0,66545,67.0,2023-11-09,Worked on microservices deployment
24,Male,B.Sc,,Mid,Enterprise,Tier-2,2.0,0.0,0,1.0,59682,,2023-10-05,Built ML pipeline for preprocessing
24,Male,M.Sc,2.0,Junior,Startup,Tier-2,3.0,0.0,1,0.0,47230,59.0,2023-11-18,Contributed to open-source NLP repo
36,Female,B.Sc+Cert,16.0,Senior,Startup,Tier-3,7.0,1.0,0,1.0,171392,59.0,2024-07-08,Worked on microservices deployment
40,Male,B.Sc,16.0,Mid,SME,Tier-3,8.0,1.0,0,2.0,177399,74.0,2023-02-03,None
29,Male,B.Sc+Cert,7.0,Lead,Startup,Tier-3,4.0,1.0,1,3.0,123779,59.0,2023-04-24,Worked on microservices deployment
29,Female,B.Sc,,Lead,SME,Tier-3,5.0,1.0,1,1.0,116681,50.0,2023-01-02,None
30,Male,B.Sc,8.0,Senior,SME,Tier-2,1.0,0.0,1,0.0,108099,63.0,2024-07-24,None
37,Male,B.Sc,10.0,Senior,SME,Tier-1,4.0,1.0,1,0.0,152288,59.0,2023-02-05,No relevant project mentioned
24,Male,B.Sc+Cert,0.0,Mid,Startup,Tier-2,5.0,0.0,0,0.0,37039,74.0,2023-01-08,Contributed to open-source NLP repo
31,Female,B.Sc,7.0,Senior,Enterprise,Tier-2,6.0,0.0,0,6.0,119837,47.0,2023-06-10,No relevant project mentioned
36,Male,B.Sc+Cert,,Junior,Startup,Tier-2,5.0,0.0,1,6.0,145176,52.0,2024-03-27,No relevant project mentioned
33,Male,B.Sc+Cert,11.0,Junior,Enterprise,Tier-1,5.0,1.0,0,6.0,147449,,2024-06-13,Contributed to open-source NLP repo
31,Male,B.Sc,9.0,Senior,Startup,Remote,5.0,1.0,0,1.0,128333,,2024-07-29,Worked on microservices deployment
36,Male,B.Sc,13.0,Mid,SME,Tier-1,7.0,1.0,0,,157455,53.0,2024-07-26,No relevant project mentioned
20,Male,M.Sc,0.0,Senior,Startup,Tier-1,6.0,1.0,1,7.0,94929,68.0,2023-03-24,Experience in data cleaning and ETL
34,Male,B.Sc,12.0,Senior,Startup,Remote,4.0,1.0,1,7.0,159198,63.0,2023-01-10,None
26,Male,M.Sc,6.0,Junior,Startup,Tier-3,,0.0,0,,62524,70.0,2024-03-09,Worked on microservices deployment
20,Female,B.Sc,0.0,Senior,SME,Tier-1,11.0,1.0,1,3.0,73230,48.0,2024-09-09,No relevant project mentioned
33,Female,B.Sc,10.0,Junior,SME,Remote,7.0,0.0,1,1.0,121212,,2023-08-21,None
38,Male,M.Sc,14.0,Junior,Startup,Tier-1,2.0,0.0,0,,158150,37.0,2023-08-10,Worked on microservices deployment
29,Female,B.Sc,8.0,Mid,Enterprise,Tier-3,7.0,0.0,0,0.0,123273,49.0,2024-07-04,Experience in data cleaning and ETL
36,Male,B.Sc,12.0,Junior,Startup,Tier-2,5.0,0.0,0,5.0,116863,79.0,2023-11-17,None
40,Male,B.Sc,16.0,Mid,SME,Tier-2,6.0,0.0,0,0.0,185128,61.0,2024-10-06,None
38,Male,B.Sc,16.0,Mid,Startup,Tier-3,4.0,1.0,1,2.0,163826,61.0,2023-10-09,None
40,Female,B.Sc,16.0,Junior,SME,Tier-1,3.0,0.0,1,1.0,172629,63.0,2023-04-30,Built ML pipeline for preprocessing
34,Female,M.Eng,11.0,Senior,Enterprise,Tier-1,3.0,1.0,0,1.0,208143,46.0,2023-03-04,Contributed to open-source NLP repo
30,Male,B.Sc,9.0,Mid,SME,Tier-2,10.0,,1,1.0,110374,57.0,2024-11-16,Built ML pipeline for preprocessing
20,Female,B.Sc,0.0,Junior,Startup,Tier-1,7.0,2.0,0,3.0,42129,62.0,2024-06-26,No relevant project mentioned
29,Male,M.Sc,3.0,Junior,Startup,Remote,4.0,0.0,0,0.0,69404,52.0,2023-06-18,Contributed to open-source NLP repo
25,Female,B.Sc,1.0,Senior,Enterprise,Tier-2,7.0,2.0,1,3.0,72772,58.0,2024-10-13,No relevant project mentioned
43,Female,B.Sc,20.0,Senior,Startup,Tier-1,7.0,1.0,0,0.0,218041,58.0,2023-09-30,None
29,Male,B.Sc+Cert,6.0,Junior,SME,Tier-2,4.0,2.0,1,0.0,93661,62.0,2024-10-19,No relevant project mentioned
31,Female,M.Sc,,Junior,Startup,Tier-1,5.0,2.0,0,2.0,79623,84.0,2024-12-06,No relevant project mentioned
33,Male,M.Sc,10.0,Senior,Startup,Tier-1,7.0,0.0,0,0.0,154319,53.0,2024-01-04,No relevant project mentioned
30,Male,M.Sc,8.0,Mid,Startup,Tier-2,8.0,1.0,0,7.0,110427,59.0,2024-04-16,Worked on microservices deployment
40,Male,B.Sc,16.0,Junior,Enterprise,Remote,4.0,1.0,0,4.0,191623,60.0,2023-10-22,None
26,Male,M.Sc,5.0,Mid,Enterprise,Tier-2,1.0,2.0,0,3.0,379988,56.0,2023-03-15,Experience in data cleaning and ETL
31,Female,B.Sc,11.0,Mid,SME,Tier-1,,2.0,1,1.0,144193,68.0,2024-04-03,Worked on microservices deployment
26,Male,B.Sc,4.0,Senior,Startup,Tier-2,5.0,0.0,0,0.0,70545,58.0,2024-10-09,Experience in data cleaning and ETL
22,Male,B.Sc,0.0,Junior,SME,Tier-1,10.0,1.0,0,7.0,47147,55.0,2024-08-25,Built ML pipeline for preprocessing
26,Female,B.Sc,5.0,Mid,SME,Tier-1,,1.0,0,0.0,86416,46.0,2024-06-21,Experience in data cleaning and ETL
30,Female,B.Sc,8.0,Junior,SME,Tier-3,4.0,3.0,1,4.0,96334,70.0,2024-08-10,Experience in data cleaning and ETL
27,Male,B.Sc+Cert,4.0,Lead,Startup,Remote,8.0,4.0,0,0.0,100003,71.0,2024-06-30,No relevant project mentioned
26,Other,B.Sc,,Senior,Enterprise,Tier-1,3.0,1.0,1,1.0,90655,41.0,2023-07-26,Built ML pipeline for preprocessing
22,Male,B.Sc,0.0,Mid,SME,Tier-2,3.0,0.0,0,3.0,35643,53.0,2023-06-14,Built ML pipeline for preprocessing
30,Female,B.Sc,7.0,Mid,Enterprise,Remote,7.0,0.0,0,6.0,108998,75.0,2023-05-04,None
21,Male,B.Sc,0.0,Mid,Startup,Tier-1,11.0,2.0,1,0.0,56072,67.0,2023-09-30,No relevant project mentioned
35,Male,M.Sc,,Senior,Startup,Tier-1,4.0,1.0,0,1.0,114129,55.0,2024-01-17,Worked on microservices deployment
30,Male,B.Sc,6.0,Junior,Startup,Remote,3.0,1.0,0,3.0,79499,56.0,2024-04-18,Contributed to open-source NLP repo
21,Male,B.Sc,0.0,Senior,Enterprise,Tier-3,8.0,1.0,0,0.0,63200,53.0,2023-12-20,No relevant project mentioned
28,Male,B.Sc,7.0,Junior,SME,Tier-1,,2.0,1,0.0,104971,65.0,2023-04-07,Contributed to open-source NLP repo
25,Male,M.Sc,1.0,Junior,Enterprise,Tier-1,8.0,0.0,0,0.0,67193,60.0,2023-03-23,None
32,Male,B.Sc,9.0,Mid,Enterprise,Tier-1,7.0,1.0,0,2.0,148209,59.0,2024-06-20,Contributed to open-source NLP repo
38,Female,B.Sc,,Senior,SME,Tier-2,4.0,1.0,0,3.0,160572,,2023-12-27,Contributed to open-source NLP repo
20,Male,B.Sc,0.0,Senior,SME,Tier-3,4.0,1.0,0,6.0,44540,58.0,2023-03-02,No relevant project mentioned
31,Male,B.Sc,6.0,Mid,Enterprise,Tier-2,3.0,,1,1.0,78651,,2023-04-04,No relevant project mentioned
29,Male,B.Sc,7.0,Mid,SME,Tier-2,8.0,0.0,0,,104792,43.0,2023-12-31,Worked on microservices deployment
34,Male,M.Sc,8.0,Senior,SME,Tier-1,,1.0,1,,146915,54.0,2024-10-14,Built ML pipeline for preprocessing
31,Female,M.Sc,7.0,Junior,SME,Tier-1,5.0,1.0,1,0.0,111908,76.0,2023-10-23,Experience in data cleaning and ETL
25,Female,M.Eng,6.0,Senior,Enterprise,Tier-1,5.0,2.0,0,1.0,154605,57.0,2024-11-12,Worked on microservices deployment
28,Male,B.Sc,1.0,Mid,SME,Tier-3,3.0,3.0,1,2.0,55956,55.0,2023-06-19,Built ML pipeline for preprocessing
25,Male,B.Sc,2.0,Mid,Enterprise,Tier-2,7.0,4.0,0,0.0,80564,,2023-10-26,Contributed to open-source NLP repo
36,Female,B.Sc,8.0,Junior,Startup,Tier-1,4.0,,1,2.0,107631,50.0,2024-12-08,Experience in data cleaning and ETL
30,Male,PhD,6.0,Mid,SME,Tier-2,5.0,0.0,0,7.0,113750,,2024-10-29,Worked on microservices deployment
41,Female,M.Sc,21.0,Junior,Startup,Tier-3,4.0,2.0,1,5.0,235806,51.0,2024-09-02,Worked on microservices deployment
30,Male,M.Sc,8.0,Junior,Startup,Tier-2,,1.0,0,1.0,97396,46.0,2023-11-13,No relevant project mentioned
26,Female,B.Sc,1.0,Junior,Enterprise,Tier-1,5.0,1.0,1,1.0,54224,52.0,2024-10-06,Contributed to open-source NLP repo
21,Male,B.Sc,3.0,Junior,Enterprise,Tier-1,3.0,0.0,1,1.0,82572,56.0,2024-10-12,Built ML pipeline for preprocessing
20,Male,B.Sc,0.0,Mid,Enterprise,Tier-1,3.0,2.0,0,5.0,59836,63.0,2023-09-21,Experience in data cleaning and ETL
20,Female,M.Sc,0.0,Senior,Enterprise,Tier-3,4.0,0.0,0,7.0,67026,41.0,2024-10-22,None
32,Male,B.Sc+Cert,8.0,Junior,Startup,Tier-2,6.0,0.0,1,4.0,102504,68.0,2024-04-24,No relevant project mentioned
33,Male,B.Sc+Cert,10.0,Mid,Startup,Tier-3,5.0,1.0,0,2.0,107062,65.0,2023-09-18,Built ML pipeline for preprocessing
21,Male,B.Sc,1.0,Mid,SME,Remote,4.0,1.0,1,0.0,50376,59.0,2024-06-29,Experience in data cleaning and ETL
35,Male,B.Sc,11.0,Mid,Enterprise,Remote,,0.0,1,6.0,152969,64.0,2024-06-04,Built ML pipeline for preprocessing
27,Male,B.Sc+Cert,5.0,Senior,Startup,Tier-1,5.0,2.0,1,5.0,116051,,2023-02-12,No relevant project mentioned
31,Male,M.Sc,7.0,Mid,Enterprise,Tier-1,2.0,1.0,0,4.0,138036,62.0,2023-04-06,Worked on microservices deployment
40,Male,B.Sc,14.0,Senior,SME,Tier-2,5.0,0.0,0,1.0,168120,,2024-01-29,Contributed to open-source NLP repo
35,Male,B.Sc,16.0,Mid,Enterprise,Tier-1,5.0,2.0,1,,173718,54.0,2024-06-07,Contributed to open-source NLP repo
28,Female,B.Sc,,Mid,SME,Tier-3,3.0,1.0,0,0.0,79512,49.0,2023-12-21,Worked on microservices deployment
25,Male,B.Sc,2.0,Mid,SME,Remote,5.0,2.0,0,6.0,71311,,2024-02-06,Built ML pipeline for preprocessing
20,Male,B.Sc,0.0,Senior,Enterprise,Tier-2,5.0,0.0,0,6.0,58224,,2024-04-15,Worked on microservices deployment
26,Male,M.Sc,2.0,Senior,Enterprise,Tier-1,,1.0,1,1.0,124731,58.0,2024-10-13,No relevant project mentioned
29,Male,B.Sc,11.0,Mid,Startup,Tier-1,4.0,,0,3.0,138114,59.0,2023-10-14,No relevant project mentioned
24,Male,B.Sc,1.0,Senior,Enterprise,Tier-1,6.0,2.0,1,,97454,47.0,2023-10-10,Built ML pipeline for preprocessing
29,Male,B.Sc,7.0,Junior,Enterprise,Tier-3,5.0,1.0,0,1.0,83541,,2024-06-16,Contributed to open-source NLP repo
30,Male,M.Eng,10.0,Senior,Startup,Tier-1,8.0,0.0,0,1.0,152411,,2023-09-26,None
29,Male,M.Sc,7.0,Junior,Startup,Tier-1,5.0,3.0,1,1.0,114668,49.0,2024-07-10,Built ML pipeline for preprocessing
26,Male,B.Sc,2.0,Junior,SME,Tier-1,2.0,0.0,0,1.0,59734,57.0,2024-11-17,Contributed to open-source NLP repo
31,Male,B.Sc+Cert,,Junior,SME,Remote,3.0,0.0,0,1.0,106725,50.0,2023-10-08,Built ML pipeline for preprocessing
33,Male,B.Sc+Cert,,Lead,Enterprise,Tier-2,8.0,2.0,1,4.0,190527,68.0,2023-03-18,Worked on microservices deployment
23,Male,B.Sc,0.0,Senior,Startup,Remote,9.0,1.0,0,1.0,50170,58.0,2024-12-10,Experience in data cleaning and ETL
38,Male,,18.0,Senior,SME,Tier-3,1.0,2.0,0,4.0,182311,69.0,2023-12-21,None
29,Male,M.Sc,7.0,Senior,SME,Tier-2,2.0,1.0,0,,113994,58.0,2023-09-12,Contributed to open-source NLP repo
30,Female,M.Eng,8.0,Mid,Startup,Tier-1,3.0,2.0,0,4.0,139459,69.0,2024-10-29,No relevant project mentioned
34,Male,B.Sc+Cert,11.0,Senior,SME,Tier-1,6.0,3.0,1,5.0,176828,45.0,2024-02-29,Contributed to open-source NLP repo
31,Male,B.Sc+Cert,6.0,Lead,Startup,Tier-2,7.0,1.0,0,0.0,112475,75.0,2023-01-04,Contributed to open-source NLP repo
36,Male,M.Sc,6.0,Mid,Startup,Remote,6.0,0.0,0,1.0,82609,48.0,2023-03-25,None
32,Male,B.Sc,6.0,Junior,SME,Tier-1,8.0,3.0,0,0.0,99598,63.0,2024-12-09,Built ML pipeline for preprocessing
26,Male,B.Sc,0.0,Mid,Enterprise,Tier-1,5.0,2.0,0,1.0,66246,75.0,2023-08-02,No relevant project mentioned
32,Male,B.Sc,10.0,Lead,Startup,Tier-2,8.0,0.0,0,0.0,135496,,2024-10-18,Built ML pipeline for preprocessing
23,Female,B.Sc,0.0,Senior,SME,Tier-1,4.0,1.0,0,2.0,64159,74.0,2023-02-26,Contributed to open-source NLP repo
31,Male,M.Sc,5.0,Senior,Startup,Tier-2,4.0,0.0,1,4.0,110316,65.0,2023-06-03,Contributed to open-source NLP repo
30,Female,M.Sc,7.0,Senior,Startup,Tier-1,8.0,1.0,1,2.0,142535,43.0,2024-09-03,No relevant project mentioned
29,Male,M.Sc,4.0,Senior,SME,Tier-1,6.0,2.0,1,1.0,111924,,2024-12-12,Built ML pipeline for preprocessing
29,Male,B.Sc,7.0,Senior,Enterprise,Tier-1,11.0,0.0,0,0.0,162560,48.0,2024-02-05,Experience in data cleaning and ETL
20,Male,M.Sc,0.0,Mid,Startup,Tier-2,2.0,0.0,0,0.0,37065,60.0,2024-06-03,Experience in data cleaning and ETL
27,Male,B.Sc,6.0,Junior,Enterprise,Tier-2,5.0,0.0,1,3.0,101636,73.0,2024-06-05,Worked on microservices deployment
31,Male,B.Sc,2.0,Mid,Startup,Tier-1,3.0,1.0,0,0.0,54640,69.0,2024-09-27,Built ML pipeline for preprocessing
31,Male,M.Sc,7.0,Mid,Enterprise,Remote,8.0,2.0,1,6.0,134328,71.0,2023-09-27,Worked on microservices deployment
24,Male,M.Sc,2.0,Senior,Enterprise,Tier-1,4.0,0.0,1,2.0,96911,67.0,2024-06-22,Built ML pipeline for preprocessing
38,Female,PhD,14.0,Mid,SME,Tier-1,7.0,1.0,0,,200400,,2024-05-26,None
25,Female,B.Sc,0.0,Junior,Startup,Tier-2,9.0,0.0,0,0.0,27649,61.0,2024-05-31,None
36,Male,B.Sc,14.0,Junior,SME,Tier-1,6.0,1.0,0,,157368,47.0,2024-02-16,None
33,Male,B.Sc,12.0,Mid,SME,Tier-2,4.0,3.0,0,5.0,136213,40.0,2024-10-06,None
26,Male,B.Sc,0.0,Mid,Enterprise,Remote,2.0,2.0,1,6.0,56180,69.0,2023-12-08,No relevant project mentioned
41,Male,,15.0,Junior,SME,Tier-2,7.0,2.0,1,0.0,169623,70.0,2023-05-20,Contributed to open-source NLP repo
23,Male,M.Sc,0.0,Junior,SME,Tier-2,9.0,0.0,1,4.0,51275,53.0,2023-09-21,Built ML pipeline for preprocessing
36,Male,B.Sc+Cert,16.0,Mid,Enterprise,Tier-2,4.0,0.0,0,1.0,198835,50.0,2024-03-24,Worked on microservices deployment
36,Male,B.Sc,13.0,Junior,Enterprise,Tier-1,7.0,1.0,1,1.0,144484,39.0,2023-08-15,Contributed to open-source NLP repo
26,Male,B.Sc+Cert,6.0,Junior,SME,Tier-2,7.0,1.0,1,2.0,88189,59.0,2023-03-01,No relevant project mentioned
38,Other,B.Sc,10.0,Mid,Enterprise,Tier-1,4.0,0.0,1,7.0,141857,65.0,2023-03-21,No relevant project mentioned
28,Male,B.Sc+Cert,1.0,Mid,SME,Remote,3.0,1.0,1,0.0,62370,,2023-02-24,Worked on microservices deployment
32,Female,B.Sc,11.0,Mid,SME,Tier-1,3.0,1.0,0,0.0,143678,62.0,2024-08-28,Contributed to open-source NLP repo
32,Male,B.Sc,5.0,Junior,SME,Tier-2,6.0,0.0,0,2.0,68626,57.0,2024-03-02,Built ML pipeline for preprocessing
29,Male,B.Sc,7.0,Senior,Enterprise,Remote,3.0,1.0,0,5.0,137402,38.0,2024-07-06,No relevant project mentioned
35,Male,B.Sc+Cert,12.0,Mid,SME,Tier-3,4.0,2.0,0,2.0,140140,69.0,2024-06-05,None
35,Male,B.Sc,11.0,Junior,SME,Remote,5.0,1.0,1,1.0,147462,46.0,2023-08-14,None
20,Male,,0.0,Junior,SME,Tier-2,5.0,1.0,0,7.0,35273,63.0,2023-04-26,Experience in data cleaning and ETL
38,Male,B.Sc+Cert,12.0,Junior,SME,Tier-1,,0.0,0,7.0,120729,63.0,2023-12-06,Contributed to open-source NLP repo
20,Male,B.Sc,0.0,Junior,SME,Tier-3,2.0,1.0,0,,24287,,2023-04-17,Experience in data cleaning and ETL
36,Male,B.Sc,12.0,Junior,Enterprise,Tier-1,3.0,0.0,1,4.0,142737,,2024-06-02,Worked on microservices deployment
37,Male,B.Sc,13.0,Mid,SME,Tier-1,5.0,0.0,0,3.0,143301,52.0,2024-06-16,Worked on microservices deployment
23,Male,B.Sc,0.0,Mid,Startup,Tier-3,7.0,1.0,0,1.0,31417,60.0,2023-11-27,Worked on microservices deployment
28,Male,B.Sc+Cert,7.0,Mid,Enterprise,Tier-2,2.0,3.0,0,0.0,128591,71.0,2023-04-11,Built ML pipeline for preprocessing
23,Male,M.Sc,,Senior,Enterprise,Remote,2.0,1.0,0,2.0,92953,75.0,2023-08-03,No relevant project mentioned
29,Male,B.Sc,5.0,Junior,SME,Remote,7.0,0.0,1,6.0,77953,59.0,2024-07-09,Built ML pipeline for preprocessing
28,Male,PhD,6.0,Senior,Startup,Remote,1.0,0.0,0,5.0,117821,62.0,2023-08-11,None
35,Female,B.Sc,11.0,Junior,Enterprise,Tier-1,6.0,0.0,0,0.0,122763,53.0,2023-07-29,None
38,Male,B.Sc,13.0,Mid,Enterprise,Tier-2,4.0,0.0,1,0.0,152682,65.0,2023-12-10,None
38,Female,B.Sc,16.0,Junior,Startup,Tier-3,4.0,2.0,0,5.0,125526,58.0,2024-12-26,Worked on microservices deployment
27,Male,B.Sc,4.0,Senior,Startup,Remote,9.0,1.0,1,2.0,86319,50.0,2024-03-03,Contributed to open-source NLP repo
29,Male,B.Sc,8.0,Mid,SME,Tier-1,6.0,2.0,1,1.0,110973,51.0,2023-03-06,No relevant project mentioned
20,Male,B.Sc+Cert,1.0,Junior,SME,Tier-1,7.0,2.0,1,2.0,58879,48.0,2023-09-11,None
25,Male,M.Sc,3.0,Mid,Startup,Remote,9.0,2.0,0,0.0,80688,65.0,2024-06-01,No relevant project mentioned
36,Male,B.Sc,14.0,Junior,SME,Tier-1,7.0,1.0,0,6.0,172832,56.0,2023-10-21,No relevant project mentioned
40,Female,M.Sc,10.0,Senior,SME,Tier-2,6.0,1.0,0,4.0,140341,45.0,2023-08-09,Worked on microservices deployment
23,Male,M.Sc,0.0,Mid,Enterprise,Tier-1,5.0,0.0,0,6.0,90142,67.0,2024-03-02,Built ML pipeline for preprocessing
26,Male,B.Sc+Cert,4.0,Junior,SME,Tier-2,5.0,1.0,0,0.0,70212,60.0,2023-11-09,Built ML pipeline for preprocessing
30,Male,B.Sc+Cert,4.0,Mid,SME,Tier-3,2.0,0.0,0,4.0,60364,50.0,2024-12-15,Experience in data cleaning and ETL
32,Female,B.Sc,9.0,Junior,Enterprise,Tier-1,3.0,0.0,0,2.0,118872,,2024-04-08,Worked on microservices deployment
25,Male,M.Sc,1.0,Mid,Startup,Tier-2,,0.0,0,1.0,54920,57.0,2024-08-04,Contributed to open-source NLP repo
33,Male,M.Sc,13.0,Junior,Startup,Tier-1,6.0,2.0,1,2.0,141394,64.0,2024-07-30,None
27,Male,M.Sc,3.0,Mid,Enterprise,Tier-1,4.0,1.0,1,6.0,121060,61.0,2023-09-09,Contributed to open-source NLP repo
30,Female,B.Sc,6.0,Lead,Startup,Tier-1,6.0,0.0,0,3.0,121773,50.0,2024-11-25,Worked on microservices deployment
33,Other,B.Sc,8.0,Junior,Enterprise,Tier-3,6.0,0.0,1,1.0,91938,52.0,2023-04-22,Contributed to open-source NLP repo
30,Male,B.Sc,10.0,Lead,Startup,Tier-1,6.0,0.0,1,7.0,145458,76.0,2023-10-18,Built ML pipeline for preprocessing
27,Female,B.Sc,7.0,Mid,Startup,Tier-2,1.0,2.0,0,1.0,86814,44.0,2023-10-07,Contributed to open-source NLP repo
29,Female,B.Sc,10.0,Junior,Enterprise,Tier-2,4.0,2.0,0,4.0,132599,69.0,2023-10-21,Built ML pipeline for preprocessing
29,Male,M.Sc,2.0,Mid,SME,Tier-2,3.0,1.0,0,4.0,59969,58.0,2024-05-29,Experience in data cleaning and ETL
28,Male,,1.0,Mid,Enterprise,Tier-2,5.0,1.0,1,3.0,69523,,2023-06-28,No relevant project mentioned
28,Male,M.Sc,7.0,Mid,Startup,Tier-2,11.0,2.0,0,,120461,58.0,2023-07-08,No relevant project mentioned
40,Female,B.Sc,14.0,Junior,Startup,Tier-1,8.0,0.0,1,0.0,172919,51.0,2023-06-17,Built ML pipeline for preprocessing
33,Male,B.Sc+Cert,8.0,Junior,Enterprise,Tier-2,4.0,0.0,1,7.0,108609,44.0,2023-02-23,None
28,Female,B.Sc,9.0,Senior,SME,Tier-1,6.0,1.0,1,,155281,65.0,2024-07-31,Contributed to open-source NLP repo
34,Male,B.Sc,9.0,Mid,SME,Remote,4.0,0.0,0,2.0,113570,67.0,2024-09-18,None
28,Female,M.Sc,0.0,Mid,Startup,Tier-3,7.0,0.0,0,0.0,41993,,2023-11-12,Worked on microservices deployment
37,Male,M.Eng,15.0,Junior,SME,Tier-1,2.0,1.0,0,0.0,170949,72.0,2023-09-28,None
32,Male,,4.0,Senior,Enterprise,Tier-2,2.0,,0,2.0,144338,48.0,2024-12-26,No relevant project mentioned
29,Female,B.Sc,8.0,Lead,Enterprise,Remote,4.0,1.0,1,4.0,159655,,2024-03-05,Contributed to open-source NLP repo
33,Female,B.Sc,9.0,Junior,SME,Tier-1,10.0,1.0,1,1.0,114316,51.0,2024-09-13,Contributed to open-source NLP repo
21,Female,B.Sc+Cert,0.0,Junior,SME,Tier-3,9.0,1.0,1,0.0,44348,,2023-07-02,Contributed to open-source NLP repo
23,Male,B.Sc,1.0,Senior,SME,Tier-1,5.0,1.0,0,2.0,74340,64.0,2023-09-17,Built ML pipeline for preprocessing
23,Male,M.Sc,0.0,Senior,SME,Tier-2,2.0,1.0,0,3.0,60050,70.0,2023-01-24,No relevant project mentioned
31,Male,B.Sc,9.0,Mid,Enterprise,Remote,3.0,1.0,1,1.0,123306,62.0,2023-04-04,Experience in data cleaning and ETL
40,Male,B.Sc,19.0,Senior,Startup,Tier-2,,1.0,1,3.0,187245,43.0,2023-09-13,None
43,Male,B.Sc,19.0,Mid,Startup,Tier-2,6.0,2.0,0,0.0,169821,,2023-08-02,Worked on microservices deployment
34,Male,B.Sc,10.0,Junior,Enterprise,Remote,8.0,1.0,1,1.0,127638,60.0,2024-05-10,Contributed to open-source NLP repo
33,Male,M.Sc,,Mid,Startup,Tier-3,3.0,4.0,0,2.0,140282,63.0,2023-02-09,Worked on microservices deployment
20,Other,B.Sc+Cert,0.0,Mid,Startup,Tier-2,,0.0,0,4.0,40971,64.0,2024-04-07,Experience in data cleaning and ETL
27,Male,B.Sc,2.0,Lead,SME,Tier-2,,1.0,1,1.0,57671,83.0,2024-03-11,Built ML pipeline for preprocessing
25,Male,M.Eng,2.0,Junior,Enterprise,Tier-2,5.0,1.0,1,1.0,62752,62.0,2024-07-02,Experience in data cleaning and ETL
26,Male,,0.0,Mid,SME,Tier-3,4.0,0.0,0,2.0,35353,58.0,2024-12-16,Worked on microservices deployment
29,Male,B.Sc,6.0,Senior,SME,Remote,6.0,4.0,1,2.0,116127,46.0,2023-07-30,Worked on microservices deployment
27,Male,B.Sc,4.0,Junior,Enterprise,Tier-3,5.0,0.0,1,2.0,58720,44.0,2023-05-03,Experience in data cleaning and ETL
20,Female,B.Sc+Cert,0.0,Mid,Enterprise,Tier-3,7.0,1.0,0,1.0,47616,57.0,2024-04-03,Experience in data cleaning and ETL
34,Female,M.Sc,9.0,Senior,Enterprise,Tier-1,4.0,0.0,1,3.0,174341,53.0,2023-10-13,No relevant project mentioned
24,Female,M.Sc,5.0,Mid,Startup,Tier-3,5.0,0.0,0,4.0,82261,54.0,2023-10-03,None
31,Other,M.Eng,8.0,Mid,Startup,Tier-3,6.0,1.0,0,0.0,99036,,2023-09-01,None
42,Male,M.Sc,19.0,Senior,SME,Tier-3,5.0,1.0,0,1.0,218277,66.0,2023-05-23,No relevant project mentioned
24,Male,B.Sc+Cert,6.0,Junior,Startup,Tier-1,8.0,0.0,0,3.0,88243,54.0,2023-11-16,None
20,Male,M.Sc,0.0,Lead,Startup,Remote,,3.0,0,3.0,78695,,2024-01-10,Experience in data cleaning and ETL
28,Male,B.Sc+Cert,3.0,Mid,Startup,Tier-1,3.0,1.0,0,4.0,74504,56.0,2024-03-08,Built ML pipeline for preprocessing
37,Male,B.Sc,15.0,Mid,SME,Tier-1,2.0,2.0,1,3.0,319992,69.0,2024-08-01,Built ML pipeline for preprocessing
42,Male,,17.0,Mid,SME,Tier-2,5.0,0.0,0,,189683,83.0,2023-05-02,No relevant project mentioned
23,Male,B.Sc,1.0,Lead,Enterprise,Tier-2,6.0,0.0,0,2.0,79783,,2023-08-23,Built ML pipeline for preprocessing
33,Male,B.Sc,14.0,Junior,Startup,Tier-1,7.0,0.0,1,0.0,144420,90.0,2024-03-04,Contributed to open-source NLP repo
27,Male,M.Sc,3.0,Junior,SME,Tier-3,,2.0,0,0.0,59008,64.0,2023-05-06,Contributed to open-source NLP repo
29,Male,B.Sc,7.0,Junior,Startup,Tier-1,,1.0,0,6.0,88805,55.0,2024-06-27,No relevant project mentioned
46,Male,M.Sc,24.0,Junior,SME,Tier-1,7.0,3.0,0,6.0,199189,60.0,2023-07-22,None
21,Male,B.Sc,0.0,Mid,SME,Tier-1,6.0,3.0,0,3.0,57360,62.0,2023-09-30,Experience in data cleaning and ETL
32,Male,B.Sc,,Lead,SME,Remote,11.0,2.0,0,1.0,118853,60.0,2023-06-23,Built ML pipeline for preprocessing
33,Female,B.Sc,10.0,Senior,Enterprise,Tier-1,10.0,0.0,0,2.0,165591,62.0,2023-08-26,None
37,Male,B.Sc+Cert,17.0,Junior,Enterprise,Tier-1,7.0,3.0,0,3.0,200915,50.0,2024-04-06,Worked on microservices deployment
31,Male,B.Sc,,Mid,SME,Tier-2,10.0,1.0,0,2.0,129721,,2023-04-20,Experience in data cleaning and ETL
32,Female,B.Sc,4.0,Mid,Enterprise,Tier-2,4.0,1.0,0,3.0,72972,54.0,2024-02-16,Contributed to open-source NLP repo
28,Male,M.Sc,6.0,Junior,SME,Tier-3,6.0,0.0,0,0.0,84808,44.0,2023-03-12,Contributed to open-source NLP repo
32,Male,M.Sc,10.0,Senior,Enterprise,Remote,4.0,0.0,0,1.0,167035,76.0,2024-10-17,Experience in data cleaning and ETL
28,Male,B.Sc,,Senior,SME,Tier-3,8.0,1.0,1,,94809,71.0,2024-12-18,No relevant project mentioned
34,Male,B.Sc,10.0,Senior,SME,Tier-1,8.0,1.0,0,6.0,135932,77.0,2023-12-23,Worked on microservices deployment
28,Female,B.Sc,4.0,Mid,Enterprise,Tier-2,6.0,1.0,0,5.0,84644,53.0,2024-02-27,Worked on microservices deployment
32,Female,B.Sc+Cert,11.0,Mid,Startup,Tier-2,9.0,0.0,1,3.0,147513,60.0,2023-08-29,Experience in data cleaning and ETL
30,Male,B.Sc,4.0,Junior,SME,Tier-1,2.0,0.0,1,0.0,69633,69.0,2024-08-25,Contributed to open-source NLP repo
37,Male,B.Sc,12.0,Mid,Enterprise,Tier-1,4.0,1.0,0,1.0,173187,49.0,2024-10-31,Contributed to open-source NLP repo
30,Male,B.Sc,10.0,Mid,Enterprise,Tier-2,2.0,,0,0.0,136787,56.0,2024-12-19,Experience in data cleaning and ETL
20,Male,B.Sc,0.0,Senior,Startup,Tier-1,5.0,1.0,1,2.0,48571,,2024-07-22,Built ML pipeline for preprocessing
38,Male,M.Sc,16.0,Senior,SME,Remote,10.0,2.0,1,1.0,198638,60.0,2024-07-21,No relevant project mentioned
25,Male,B.Sc,,Lead,Enterprise,Tier-3,8.0,2.0,0,2.0,69795,51.0,2024-11-09,No relevant project mentioned
26,Male,B.Sc,6.0,Senior,Enterprise,Tier-1,2.0,1.0,0,7.0,136911,56.0,2023-05-07,No relevant project mentioned
26,Male,B.Sc,4.0,Junior,SME,Tier-1,4.0,0.0,1,1.0,73283,63.0,2024-03-01,No relevant project mentioned
38,Male,B.Sc,14.0,Mid,Enterprise,Remote,4.0,3.0,0,1.0,189263,,2024-06-13,Worked on microservices deployment
20,Male,B.Sc,0.0,Junior,Enterprise,Tier-1,2.0,1.0,1,0.0,195444,63.0,2023-03-16,No relevant project mentioned
49,Male,M.Eng,23.0,Junior,Startup,Tier-3,,2.0,0,,242657,46.0,2023-10-05,Experience in data cleaning and ETL
36,Female,M.Sc,12.0,Mid,Enterprise,Tier-2,,1.0,1,2.0,171147,64.0,2024-05-08,Built ML pipeline for preprocessing
31,Male,B.Sc+Cert,10.0,Mid,SME,Remote,4.0,0.0,1,3.0,129699,52.0,2024-01-23,Contributed to open-source NLP repo
30,Male,B.Sc+Cert,4.0,Mid,SME,Tier-3,3.0,1.0,0,2.0,74924,,2024-06-19,None
32,Female,M.Sc,10.0,Junior,SME,Tier-1,,1.0,0,5.0,126364,61.0,2024-04-06,No relevant project mentioned
33,Male,B.Sc,9.0,Junior,SME,Tier-1,,1.0,0,1.0,134752,62.0,2023-11-04,No relevant project mentioned
34,Male,M.Sc,14.0,Junior,Enterprise,Tier-2,1.0,1.0,0,2.0,139614,53.0,2024-08-01,No relevant project mentioned
33,Male,M.Eng,10.0,Junior,SME,Remote,7.0,2.0,0,3.0,128323,,2023-05-03,No relevant project mentioned
31,Male,M.Sc,10.0,Junior,Enterprise,Tier-1,8.0,0.0,0,1.0,145363,35.0,2023-10-14,Built ML pipeline for preprocessing
29,Male,B.Sc,9.0,Mid,Enterprise,Tier-2,3.0,0.0,0,1.0,111468,56.0,2023-02-22,None
29,Male,B.Sc,6.0,Senior,Enterprise,Tier-1,4.0,1.0,1,2.0,133276,61.0,2024-03-20,Built ML pipeline for preprocessing
29,Male,M.Eng,5.0,Mid,SME,Remote,7.0,1.0,0,0.0,102056,56.0,2023-05-01,None
37,Female,M.Sc,15.0,Mid,Startup,Tier-3,6.0,0.0,1,5.0,164859,56.0,2024-11-28,None
34,Male,PhD,7.0,Junior,SME,Tier-1,8.0,2.0,1,0.0,117372,61.0,2024-02-23,Built ML pipeline for preprocessing
20,Male,B.Sc,0.0,Lead,Enterprise,Tier-1,1.0,1.0,0,0.0,87829,77.0,2023-03-17,Worked on microservices deployment
34,Female,B.Sc,7.0,Junior,Startup,Tier-1,8.0,0.0,0,,93386,60.0,2023-03-25,Worked on microservices deployment
31,Male,B.Sc,9.0,Senior,Enterprise,Tier-2,9.0,1.0,0,2.0,149118,53.0,2023-11-03,None
30,Female,M.Sc,6.0,Senior,Enterprise,Tier-2,4.0,0.0,0,,144272,59.0,2024-03-20,Experience in data cleaning and ETL
28,Male,B.Sc,4.0,Senior,Enterprise,Tier-1,,0.0,1,1.0,94945,51.0,2024-10-20,No relevant project mentioned
37,Female,B.Sc,14.0,Junior,SME,Remote,2.0,1.0,0,0.0,144092,,2023-12-03,Worked on microservices deployment
36,Male,PhD,9.0,Mid,SME,Tier-2,4.0,2.0,1,0.0,143627,74.0,2024-01-16,None
25,Female,B.Sc,5.0,Junior,Enterprise,Tier-3,4.0,0.0,1,0.0,76986,70.0,2024-05-31,No relevant project mentioned
32,Female,M.Eng,,Junior,SME,Tier-1,2.0,0.0,0,0.0,108063,70.0,2023-04-11,None
24,Male,B.Sc,6.0,Junior,Enterprise,Tier-1,7.0,0.0,0,3.0,92678,59.0,2023-04-10,Built ML pipeline for preprocessing
22,Male,M.Eng,0.0,Senior,SME,Tier-2,7.0,0.0,0,2.0,68912,42.0,2023-06-22,Built ML pipeline for preprocessing
26,Male,M.Sc,3.0,Senior,Enterprise,Tier-2,4.0,0.0,1,1.0,127213,51.0,2024-03-07,Contributed to open-source NLP repo
35,Male,B.Sc+Cert,10.0,Junior,Enterprise,Tier-2,6.0,0.0,0,1.0,132818,,2023-04-18,Experience in data cleaning and ETL
36,Male,B.Sc+Cert,13.0,Mid,Startup,Remote,6.0,0.0,1,7.0,154154,37.0,2023-01-28,Built ML pipeline for preprocessing
33,Male,B.Sc,14.0,Lead,Startup,Tier-2,3.0,1.0,1,3.0,132587,56.0,2023-09-22,Worked on microservices deployment
34,Male,B.Sc,,Mid,Enterprise,Tier-1,5.0,1.0,0,4.0,141884,76.0,2023-11-11,Built ML pipeline for preprocessing
33,Male,B.Sc,6.0,Mid,Startup,Remote,11.0,2.0,0,0.0,88095,70.0,2023-02-07,Built ML pipeline for preprocessing
26,Male,M.Sc,4.0,Mid,SME,Tier-2,7.0,1.0,0,0.0,89508,,2024-08-27,Built ML pipeline for preprocessing
33,Male,B.Sc+Cert,10.0,Senior,SME,Tier-1,6.0,2.0,0,3.0,152354,55.0,2023-06-02,Experience in data cleaning and ETL
35,Male,B.Sc,14.0,Mid,Startup,Tier-1,1.0,2.0,0,0.0,145795,55.0,2023-11-24,None
35,Male,,11.0,Senior,Startup,Tier-3,10.0,2.0,0,1.0,147627,,2023-02-17,None
37,Male,B.Sc,13.0,Mid,Enterprise,Tier-3,6.0,1.0,0,0.0,130377,54.0,2024-10-03,No relevant project mentioned
34,Male,M.Eng,10.0,Junior,SME,Tier-1,6.0,1.0,0,0.0,125789,67.0,2023-01-06,Worked on microservices deployment
32,Male,B.Sc+Cert,9.0,Junior,SME,Tier-1,3.0,2.0,0,,115946,,2024-02-18,Contributed to open-source NLP repo
36,Male,B.Sc,17.0,Junior,Enterprise,Tier-3,7.0,1.0,0,2.0,199330,84.0,2023-03-02,None
30,Male,B.Sc,5.0,Mid,Startup,Remote,6.0,0.0,1,3.0,88626,53.0,2024-03-10,Built ML pipeline for preprocessing
25,Female,B.Sc,0.0,Junior,Startup,Tier-1,1.0,1.0,0,0.0,32276,64.0,2023-12-05,Worked on microservices deployment
29,Male,M.Sc,2.0,Senior,Enterprise,Remote,5.0,1.0,0,1.0,103449,49.0,2023-09-26,None
26,Male,B.Sc,1.0,Mid,Enterprise,Tier-1,4.0,1.0,0,3.0,69299,54.0,2023-01-08,Contributed to open-source NLP repo
